﻿{"diamond/http/client/HttpClient.addContext.html":"B36CB86FCD94C15B19C1EA138D3ED6EA","diamond/core/apptype/isWeb.html":"A15D9BEE77BC7D3452369E1BD42A8899","diamond/controllers/basecontroller/BaseController.MethodEntry.html":"4CF5DF496C4A3ACD053669C2654B7FF4","diamond/controllers/authentication/AuthStatus.html":"1A3F3A62E5D803CC1A523740E91BD813","diamond/errors/exceptions/viewexception/ViewException.html":"BDDC3F2BB4B3A5746A6C09809D506319","diamond/data.html":"02C001F3A8AD95AE77D50DE03CB2A602","diamond/templates/contentmode/ContentMode.html":"4817C7D123F4454E9303E457171BA1E1","diamond/errors/exceptions/enforceexception/EnforceError.this.html":"894703993110DC235DDC32FD8D68B839","diamond/data/mapping/model/Model.insertModel.html":"578F6809ECC4F59C12759861564290BC","diamond/data/snapshot/Snapshot._current.html":"FA124FD1944232022354107FF8477B94","diamond/data/mapping/engines/mysql/generators/insertgenerator.html":"1EFC868FD92E924058DDDC8C8A481582","diamond/security/tokens.html":"1C4F0B912B1F89CFC2066BB58C0D7828","diamond/http/client/HttpClient.role.html":"67A37B1AF561B952AEE69B428F747832","diamond/core/apptype.html":"A045519897EE3AB201885A6540900E87","diamond/core/senc.html":"2969DFAB37D22A7136C12425CBE2D20B","diamond/core/webconfig/WebConfig.defaultHeaders.html":"3E0F0B0359CE29FC1D7D63E14CDE78D9","diamond/views/viewformats/escapedFormat.html":"8DCCA4E38AFB2A95EFBB6EECB618CD1A","diamond/http/client/HttpClient.contentTypeParameters.html":"681F5D476C6291561D2C4343A59C5109","diamond/core/collections.html":"0C45DF62B355F0A05349B0C42EFF27E1","diamond/http/client/HttpClient.responseStream.html":"92260D2B4E15208C8C4C71C8B1D77796","diamond/http/client/HttpClient.login.html":"1A1497B03D1F1CE68675C0D04E4EF3D5","diamond/data/mapping/model/updateMany.html":"DA52E23E760793D63DD5BFBB09B78BFE","diamond/authentication/roles/setDefaultRole.html":"D5583E7F079AB03133E9FD5913B30977","diamond/controllers/controller/actionMappingFormat.html":"2BF6DC9D35A8B1C589FC79754B4439A1","diamond/http/client/HttpClient.rawRequest.html":"D870B50AC25055060D73421C8BA1D069","diamond/authentication/roles/Role.hasPermission.html":"9C8EE655643F32EAF0CEEA018EFDF0E1","diamond/http/client/HttpClient.tls.html":"B2DDDA5A973FF08445F5FDF322625A96","diamond/core/webconfig/LoadViewData.html":"680A07220D1712BBA45D5DD481B635CF","diamond/http/client/HttpClient.session.html":"67074A10CCB2C9ACE37C6D2E47F51FE5","diamond/core/webconfig/WebAddress.html":"CA8C9E52AE6C47D247F19D7D20478F69","diamond/http/client/HttpClient.redirected.html":"142E230628554100CEA28CA4FDC76C22","diamond/database/getParams.html":"205955FDBF3E6026C9C676F5A899F9A1","diamond/templates/part/Part.name.html":"E9FE77A192AE56ABCE0445C646F33EEA","diamond/views/view/View.layoutName.html":"F962633E9F7BCC7DE95AF06D09A629C2","diamond/security/network/validateRestrictedIPs.html":"9683217B4429953F2E4DB41C2ACCF413","diamond/data/snapshot/Snapshot._values.html":"23FCF6B7E8F33F29CF4737A2A4BD5FD2","diamond/authentication/permissions/requirePermissionMethod.html":"22BB5B155F9FCA94F842EE33EFECC760","diamond/http/cookies/HttpCookies.createBuffered.html":"6D15F73D76B2D183B46F0F939DA4FE05","diamond/views/view/View.retrieveModel.html":"00EFD8F726194730F7735FD4BE25746E","diamond/extensions/extensionemitter/ExtensionEmit.emitGenerate.html":"06C4CC85476DBCA5638B6BF15DEDE840","diamond/core/collections/HashSet.add.html":"65DF830BC882853D098C340C2C80C7C8","diamond/http/client/HttpClient.error.html":"11F2E6A3EA4B8E90BAD536E4B1A80839","diamond/views/viewformats/placeHolderFormat.html":"749C3202579F29D817EEF32D9FCDA04A","diamond/security/csrf/generateCSRFToken.html":"BFFD782B5A2590AFC635F181A70FF6FD","diamond/extensions/extensionemitinfo/ExtensionEmitInfo.moduleName.html":"E20670BEBA416972B9E1B800EBFEAFAC","diamond/core/collections/HashSet._set.html":"508D53142036B60BFE9CB19421BB65FF","diamond/init/server/handleWebServer.html":"512EDE4BB95F8E62003DA8E882C31432","diamond/core/webconfig/WebHeaders.error.html":"1E81B24D8AAFCE450785C32846F374C0","diamond/http/method/HttpGet.html":"B880BF0F4088187B25199342F99B0CDD","diamond/controllers/rest/routetype.html":"7B94119CF7C3581A6A983A6CBAA785A0","diamond/security/tokens/generictoken/GenericToken.html":"4B96D470A530FAA0A07F163814DCBC44","diamond/errors/checks/enforceInput.html":"9F88E6F1DA02ADF09C19E7C8E91C3D2B","diamond/controllers/basecontroller/BaseController.mapAction.html":"B5469882374D62B4377EF64F4E3CB86A","diamond/http/client.html":"8E7D6F9A732CC1F7BE569A758FB15CCB","diamond/data/mapping/attributes.html":"359694335D1B6942118EE74772024C61","diamond/errors/exceptions/viewexception/ViewException.toString.html":"4ACDDB74C3AC4E328EACF84F9251A8C3","diamond/controllers/controller/Controller.handle.html":"71CE42A152EAC37D12918901E97983A3","diamond/data/mapping/model/IModel.html":"F6BEA34EE7DFE6AC891D7DB162CE24A2","diamond/controllers.html":"7501775E4E9CF0D7EF514ACC1E0FDE64","diamond/extensions/extensiontype.html":"1ECBA6D7A3AB3401CE203CE8047C6E73","diamond/init/api.html":"3F8A535DB4DA8FCFFABA83AEB4F3D1B0","diamond/core/webconfig/webConfig.html":"03F75408379B66D7E0A5645C3E639C18","diamond/data/transaction/Transaction.failure.html":"7EC9210E5EB7468A659A3B7C5627A86A","diamond/core/webconfig/WebAddress.ipAddresses.html":"0F46C86B0CA2056A36F3DD73CFD29D00","diamond/controllers/controller/Controller.redirectTo.html":"2ECDE43C47999BAD19F36F0FF79C9825","diamond/core/websettings.html":"FF8D5573F1C0BBD4B2C1A76E6ECC4B64","diamond/http/client/HttpClient.route.html":"D12C79E3D0111BB7178A24BA32DBE37F","diamond/data/transaction/Transaction.html":"C5AC26D9B606F3498372DB60BBC29093","diamond/controllers/controller/Controller._auth.html":"423BFD13224CA6C9BCF8C512F8306A00","diamond/core/websettings/WebSettings.this.html":"63375F23045A81A12FFCE3BD16596FCB","diamond/http/sessions.html":"9D3B220FEB89025881D92FDCE9ECD075","diamond/authentication/permissions/hasAccess.html":"760DF829440249200C66E1D4FCF1C34E","diamond/http/sessions/HttpSession.removeValue.html":"BE2FD3AADFB7116D9B27B492B97DB2B1","diamond/http/sessions/HttpSession.html":"B7DD43ECE7792DD4024BD9FF1D93FF3C","diamond/errors/errorhandler.html":"ED0101482A1A988E93C5194078AFE579","diamond/http/cookies/HttpCookies.get.html":"864A52FAC9D864FD1BB8E07229BF1A2F","diamond/security/tokens/generictoken/GenericToken.generate.html":"BC10E1568BB32D3D18D875012FDD999B","diamond/controllers/authentication/AuthStatus.this.html":"0D0D1A41FB1160A80BD71F8CA3B8DB66","diamond/controllers/basecontroller/BaseController.get.html":"9B1446C30B1D1696F8F2AE2C4F4AE6D4","diamond/views/view/View.this.html":"88E9C4AC2698B1F345EDD6E7C65D74A7","diamond/http/method/HttpPost.html":"FB787925613D6EA0EC50B0BF52E79B44","diamond/controllers/controller/Controller.this.html":"FD5282C1FDF9A912251466FD4C6125F2","diamond/data/mapping/engines/mysql/DbParam.html":"8C264A2EE43F8C83A58E4A82432BD1E5","diamond/controllers/controller/Controller._restrictedActions.html":"1C2CFEEE24B3841D02941AE15C731371","diamond/data/snapshot/Snapshot.this.html":"6017DB32F4511720C116A185E4301BF8","diamond/core/debugging/stackLogger.html":"D0C8A887B74983B38E8812241EE8DF96","diamond/templates/parser/parseTemplate.html":"81E8AC4335217730F78E313B4F4BADFD","diamond/views/view/View.prepare.html":"950451E8322C8EFBF0B1904F6685AAC1","diamond/errors/exceptions/routeexception.html":"0D5B7936C8A60596F06E57E6E2696F35","diamond/http/client/HttpClient.queryString.html":"6F95FFF5767FF04B348A51185F9108FC","diamond/views/view/View.name.html":"ABFCB0301BC8E60FCD60C93947B6BC4F","diamond/core/webconfig/WebHeaders.html":"1DA2A006E76EF315DB5B901EAC53AD10","diamond/http/method/HttpPut.html":"CA3963EC7FE4100E4D431826B3C1BD9B","diamond/templates/part/Part.content.html":"277E0C501EBAFBF644B5A21D8CF5F76B","diamond/controllers/controller.html":"2EF34CFA7A96588843A20104E0D20907","diamond/database.html":"22538657A09CEDCA171A9E7AD6178525","diamond/authentication/roles/addRole.html":"1D66B06E052715A8F21C21D8BDB79B4D","diamond/data/mapping/engines/mysql/executeRaw.html":"51C80F33950686618BCFE703EE2BE7BC","diamond/http/client/HttpClient.method.html":"6ABA4B64F8E96207A3687F090CA723EB","diamond/templates/grammar/Grammar.this.html":"A1DF4154836C1DD6ABE46E14CC45A354","diamond/security/tokens/sessiontoken.html":"04B93600241849EF35FF8345C4250A96","diamond/http/client/HttpClient.clientAddress.html":"39437C22DDA542BF5189526B827FEAF2","diamond/controllers/authentication.html":"612415F742E9BE5DE2D6A5889FB94D1C","diamond/errors/checks.html":"56BDBC3118E2D95421887045D401ACA1","diamond/security/csrf/isValidCSRFToken.html":"0DFD82616EA801E7F67CAEEB109132A4","diamond/data/mapping/engines/mysql/model/MySqlModel._row.html":"4F6CA2920A7F208FA20CCBA9E32688B9","diamond/views/viewformats/endFormat.html":"D7F0469E489024FBB2CC04DA054CD86A","diamond/security/network.html":"C8D71C68C53FC7C78FE5D316AA9AF7E3","diamond/controllers/mapattributes/HttpAction.method.html":"260F82D465432050AE9998A3A0B3D7CA","diamond/controllers/authentication/IControllerAuth.isAuthenticated.html":"7DF2D82BD6C00E48C69E4E91A7373BF4","diamond/errors/exceptions/viewexception/ViewError.html":"BC93E3BC9CABAB70B4D0D790687387C7","diamond/http/client/HttpClient.html":"C7F968583E5553971436F370CA226EE1","diamond/http/client/HttpClient.headers.html":"D03F129566020E3FB44C3190B643C2A8","diamond/core/io/print.html":"68B70C983F42D5A337DBD7665DC40363","diamond/controllers/mapattributes.html":"1AC4905E6A5CF53F6EC3D8653CDBB08B","diamond/http/sessions/HttpSession.getValue.html":"8E14C18D79634C0802EDD7E3AE72AA0E","diamond/http/sessions/HttpSession.setValue.html":"870F4193D0A1420D8FCCB4F39924981F","diamond/http/client/HttpClient.path.html":"A64C47586BDC31A2E8CE4A41D75031F2","diamond/data/mapping/engines/mysql/scalarInsert.html":"4B61440C05B297B998EAC7129D742CB1","diamond/core/webconfig/loadWebConfig.html":"60308C7EB9E4BFF30BAB7FA5B0038A07","diamond/core/debugging.html":"E638D07082F719B88EB02BABC08880D5","diamond/errors/errorhandler/handleUnhandledError.html":"2814ABFA800F8633DB73BD0271AEEB12","diamond/controllers/controller/disableAuthFormat.html":"3B7AFDD14AB7D1921F89125BE62FB085","diamond/controllers/mapattributes/HttpDefault.html":"459BF28E24E1AC1796D5AF66E94D8405","symbols.js":"CDEE603B672C482FFFB636407929A981","diamond/templates/grammar/Grammar.includeStatementCharacter.html":"B2E87C1BF66C147B54FEA28546DDEB10","diamond/http/client/HttpClient.fullUrl.html":"9C76AE28E080321004397461328E368E","diamond/authentication/permissions/Permission.writeAccess.html":"1ECB009FA0F74885C907F98EDB8541DB","diamond/data/mapping/engines/mysql/model/MySqlModel.retrieve.html":"90BDEA4A2297A3A74A2EAE370C065A5B","diamond/authentication/auth/setTokenValidator.html":"D7FA3BC504473214A87E998138518AEB","diamond/controllers/basecontroller/BaseController._mandatoryAction.html":"17A748E3E2EF095806D9D3294C6FD334","diamond/controllers/mapattributes/HttpAction.html":"A23CE83DC81F9B09A7E0D1AB4E36BFCF","diamond/views/view/View.isDefaultRoute.html":"AEA01899E12B39D224CD02F802FB196E","diamond/data/mapping/engines/mysql/model/MySqlModel.row.html":"0B3EDF441D8EEFC99136F9C958A3261A","diamond/authentication/roles/Role.html":"91BA0ED26858B1A4780B3F2C03D045F9","diamond/security/tokens/tokengenerator/TokenGenerator.generate.html":"ED593B923B6CD21CFE77D913656BB8B0","diamond/authentication/roles/getRole.html":"E0222FAF20E18BC46FE3F5FF7CF05729","sitemap.xml":"4FD289AEC808ACF4C6279A82909C348D","diamond/init/web.html":"4012BE333D90CB7C9A6AA41AFA8DB13E","diamond/controllers/mapattributes/HttpAuthentication.authenticationClass.html":"D7B4DEF4FEC407B0685D22F8D6D66F12","diamond/data/mapping/engines/mysql.html":"A7AD37C08502D7DD84B1E6A502D8C1AB","diamond/data/mapping/engines/mysql/model/MySqlModel.this.html":"B68D5FAA653C3F1835BA8FC2743240AF","diamond/data/mapping/model/Model.deleteModel.html":"062B38AEAB1F5F556199FF07494540B3","diamond/data/mapping/engines/mysql/execute.html":"A055F5B7578BBA136D4797B4BB9C4C9C","diamond/authentication/permissions/Permission.updateAccess.html":"8B3CE70FAEA15EA9ECDA9C26F0A2B229","diamond/controllers/controller/Controller._disabledAuth.html":"E813D7AC6EB795659F8927610C8A11BF","diamond/data/mapping/attributes/DbNoMap.html":"5FD6AB1BFB6D5E3DC4F066B7D81D2678","diamond/data/mapping.html":"D7387CAA5806115AF759968BD3280FDC","diamond/controllers/basecontroller/BaseController.this.html":"A208BB3DFF800832D9D6E4E6B46DE71B","diamond/data/mapping/engines/mysql/existsRaw.html":"F9B231628F615DC03AC0E51BC91633FD","diamond/http/cookies.html":"9457D2BBE9C8E9642326B378BCD96473","diamond/controllers/controller/restrictedFormat.html":"E86D3834092D8467286061164CE4982A","diamond/core/webconfig/WebHeaders.notFound.html":"0BC91C05B4314DE0386DF109B1D1F9DE","diamond/core/debugging/StackLogger.html":"188C53228093B23ED9B7D06F6088EADA","diamond/http/cookies/HttpCookies.remove.html":"994739C7C45136860D4C1F52D25B5AD5","diamond/core/webconfig/WebConfig.sessionAliveTime.html":"3FD70357D813947E9A50B7A581237C94","diamond/templates/parser.html":"E8AD37DBDED98F39BC9FBC9BB1A418C8","diamond/authentication/permissions/Permission.readAccess.html":"92AF03BC3E6DD1C1726D5118893EDB6F","diamond/errors/exceptions/viewexception/ViewError.toString.html":"F0388B88CEE7FD614C951B2B3680ED7D","diamond/authentication/auth/validateAuthentication.html":"0B3AFF49E319F447AA61A895A4D2AF7A","diamond/data/snapshot/Snapshot.prev.html":"F7E05F2853C1F7AD31F8CCDE2E77B09E","diamond/security/tokens/tokengenerator.html":"694AC42976E4B12A30A47789D3D5FE4A","diamond/core/collections/HashSet.this.html":"BED7C667B9E94C372C32F545C9E03B2A","diamond/extensions/extensionemitinfo/ExtensionEmitInfo.this.html":"D3AE546B762364768D12531227E696BF","diamond/authentication/permissions/PermissionType.html":"D38D3BA3C964F0DBC948398B1B9B2B69","diamond/controllers/action/Action.html":"AA7FCFD66282824930A2FBEA54D2B084","diamond/extensions/extensionemitinfo/ExtensionEmitInfo.html":"48E0FBD5A35339FD6F71AA701F326177","diamond/templates/characterincludemode.html":"2B0B8C73ADFBFE64F16AA71AFA8056ED","diamond/views/viewformats/controllerMemberFormat.html":"91BF0B0481214B0D121109F6D812C718","diamond/http/cookies/HttpCookies.html":"7CB522AECC87F47B4934428DA36B10E2","diamond/data/mapping/model/Model.readModel.html":"87A2721D4CAEFA568CF93AAF4E2C6B6F","diamond/data/mapping/engines/mysql/dbConnectionString.html":"AAB6521D67CAAF2889C936DD2D3E05B0","diamond/controllers/authentication/AuthStatus.authenticated.html":"02FCBB4FF5E6CCED99B416C1D415E4B7","diamond/data/mapping/engines/mysql/readSingleRaw.html":"D974918DA4FA26E92BC18900134F5B5A","diamond/views/view/ViewTypeName.html":"4D6661A03E416A4A64A272E9F15C6227","diamond/core/webconfig/WebConfig.shouldCacheViews.html":"67FFAC12223FB711BD0DEE7A7E51A42C","diamond/views/viewgenerator/GenerateViews.html":"6DB603C8E3BCAAE5B2D41F19025413A2","diamond/data/mapping/model/Model.this.html":"FFE1CAD4E600B9798B254C1C006AD8B6","diamond/controllers/basecontroller/BaseController._defaultAction.html":"FE0C35895725C34C30D02D6F1D76E2C8","diamond/data/transaction/Transaction.call.html":"5E1D1505FF183308A6A637653FB7658F","diamond/views/viewformats/viewClassFormat.html":"2829823C046974600BA90FC26F80586D","diamond/extensions/extensionemitinfo/ExtensionEmitInfo.name.html":"D4C5302F9EA28D1DF6C2A7DFE3500C27","diamond/errors/exceptions/viewexception.html":"F6469A753EE6EB060885BEBF01304C8D","diamond/controllers/controller/Controller.view.html":"F2EF90F1C8A2B1D8418B7F019A73E4DC","diamond/controllers/authentication/IControllerAuth.html":"A5F7B74DAFEFA12BE56700F5035E9716","diamond/authentication/auth.html":"4C46A79038F807C9FF999A014A0BF37D","diamond/data/transaction/Transaction._success.html":"3E463426AE01BB90E19E3FFFFB2686FA","diamond/controllers/mapattributes/HttpRestricted.html":"42D17D5CCC7EA99AB175A60070EE42AC","diamond/controllers/status/Status.html":"95CCA79CD475DE738660879BF94CE7C5","diamond/views/viewformats/layoutConstructorFormat.html":"60FFD4C178A53A44D93A738354C87F12","diamond/controllers/controller/Controller.getByIndex.html":"76EB1AB7CEABE4C64F416776D14865C0","diamond/http/client/HttpClient.form.html":"850EEDC9E8F6591242BB86F9590D3DB8","diamond/controllers/rest/parser.html":"555FD90A991D3F5B5F475C373343E984","diamond/core/apptype/isWebApi.html":"24B027BD78EDB95DC293A3B80ACF823B","diamond/errors/errorhandler/handleUserException.html":"AF57D3F4DCC6F891EBFF0DD6120C3438","diamond/views/viewparser.html":"B198F8456499BA09FEA36B77086F0FBA","diamond/controllers/rest/routedatatype.html":"13898D2668479868D871776B2A96EF8D","diamond/views/view/View.clearCSRFToken.html":"A8D2CE297C757DFE29A145CF6C24F4CE","diamond/http/client/HttpClient.cookies.html":"C49CD40FE248AA6C935599FCAE0C9AE4","diamond/views/view/View.generate.html":"B7D456F2673E1C7A682A0B224F92B112","diamond/authentication/permissions/Permission.this.html":"7CB1E63D30E2A940BA9AAE51D6002FEE","diamond/init/files.html":"6B8F87CD351A5BA3761088C3CB473CA8","diamond/views/viewformats/controllerConstructorFormat.html":"7E5A26DCC18B07B0015B5D9144C3BB63","diamond/templates.html":"D75E598EFDB7B2CF28194CA7F9B63109","diamond/authentication/permissions/Permission.resource.html":"F428FBF137E7A159B03B3DEFABFE046D","diamond/views/view/View.rootPath.html":"F03D0AFCD610BC710E197DF5498DF8EE","diamond/controllers/authentication/AuthStatus.message.html":"EB456BDA57629FDC225433FEFC18C6E8","diamond/core/collections/HashSet.opIndex.html":"26E5A1E1272034F66F4911D25218C321","diamond/errors/checks/enforce.html":"A1D0579A02BF6D590A79705CC8AE5E13","diamond/extensions/extensiontype/ExtensionType.html":"AD372A7E30FDEE55463C8FE10B95DDF5","diamond/core/senc/SENC.html":"43D393461D7AA8D641DA43168A6E8C18","diamond/http.html":"CD52754AFDCAB4C75C887E2A8154D6FF","diamond/templates/part/Part.contentMode.html":"577D950CC55359C1318EB315C0EC5812","diamond/core/collections/HashSet.html":"D0BD5F7C9985C63F854155DD288812E9","diamond/http/sessions/HttpSession.cacheView.html":"F095594895D8F40AE6254776F1A7DE1A","diamond/controllers/controller/mandatoryMappingFormat.html":"AC8D112D092DB9D469C5F605936F48C8","diamond/core/webconfig/WebHeaders.general.html":"F4CF6BA9D25B684EC4DAA35E140A7EAE","diamond/data/mapping/engines/mysql/generators/deletegenerator.html":"6CCDEA106EAA4F94265188E0FB102876","diamond/http/sessions/createSession.html":"81202726CA0721BDF43AFEFC4AC9CB2B","diamond/data/mapping/model/insertMany.html":"E3B714807B20D53859FA748A075E0884","diamond/views/view/View.escape.html":"9FD889E1A29E3FB5B1E37F0CB0DA79D2","diamond/core/debugging/StackLogger.log.html":"4DFA70203391918E7863229D64DDBFCB","diamond/errors/errorhandler/handleUserError.html":"F2944A1F1F8462EE7833615C943459EF","diamond/controllers/rest.html":"20933F620C08C6566759DCF2B317A0BA","diamond/views/view/View.cached.html":"20DF5E77BF5D965CF90E3D427D6385DD","diamond/views/view.html":"1FFA3ADCF1E3F99CF0D1272BD05CBB24","diamond/core/webconfig/WebConfig.name.html":"F2C9DDBBCE921ECEA17EB7704772D5C8","diamond/views/view/View.append.html":"686E5DD81DE3ECD3B8364A5AD93882E9","diamond/http/client/HttpClient.logout.html":"F7D99B38C666F9D9D9965370E590D4BA","diamond/http/cookies/HttpCookies.has.html":"081278899763D11DCA35BACC0913DB84","diamond/core/debugging/StackLogger.printCallStack.html":"6AAA7560576BCDDAB1A9CF0DE30D76CA","diamond/core/debugging/StackLogger.clear.html":"82146B8E3CC2E3CEF124AC4152FF5888","diamond/http/method/HttpDelete.html":"20449665C6F020A7A7CB508500CE7D1D","diamond/http/client/HttpClient.contentType.html":"154E09C5F45366E2168EDDB95A67D1E6","diamond/controllers/action/Action.this.html":"21CFC550364AD3D6732C4054188FE28A","diamond/views/view/View.client.html":"FD2DBBB8FDD209578193403EBA6D62F3","diamond/controllers/basecontroller/BaseController.mapDefault.html":"9813C95DD89DFA90C44C0E115113264F","diamond/data/mapping/engines/mysql/model/MySqlModel.table.html":"6A20C444161668A2FA8527841FD5BF41","diamond/views/viewformats/appendFormat.html":"E0AECF382BC878B35921C4BB7814A390","diamond/controllers/controller/Controller.json.html":"058EBB64366B9FC274ADEA844911884A","diamond/http/client/HttpClient.connected.html":"3609A352F3493B11A3404F0AC41BD97D","diamond/http/client/HttpClient.notFound.html":"251439B9DC87DAA222265A5B394F25EB","diamond/errors.html":"6EFE2A4B64D8A430CAB753D55CB1B165","diamond/views/viewformats/modelGenerateFormat.html":"490ACAD84EF4995A3662394EC1609056","diamond/views/view/View.asView.html":"76A2681B64DB01634687874B79F8C050","diamond/security/network/validateGlobalRestrictedIPs.html":"8BE231F2A1318FC429F8D65657EE2B70","diamond/data/mapping/engines/mysql/exists.html":"4CD2D3E954ACF04380CAB9ACBD16FEF7","diamond/data/mapping/engines/mysql/generators/readgenerator.html":"AD188874CC9E6753BD0690210FE1906E","diamond/controllers/basecontroller.html":"3417BDE1112451C152998A77BD965C52","diamond/authentication/roles/Role.addPermission.html":"5C4408EECB3B3B0228CF3F8AE01BBCED","diamond/templates/contentmode.html":"26ACD3EA0E524707155EB23775A0FE9B","diamond/data/snapshot.html":"17A5F44DDD6E0CA824FE151D1BAC62BC","diamond/http/sessions/HttpSession.updateEndTime.html":"561E840C70D15A8ACE9A77CD6571356F","diamond/controllers/authentication/IControllerAuth.authenticationFailed.html":"0DCAD036A53F5A707F30352EF4EDACE6","diamond/controllers/mapattributes/HttpAuthentication.html":"784AE3FA61AEFE602DF458EB2FB2A159","diamond/http/cookies/HttpCookies.hasAuthCookie.html":"465ADB23606BD2E8017B30CEB0848DC2","diamond/views/viewroute.html":"92FFE8447D5BC55361964038451B6A7D","diamond/data/mapping/engines/mysql/scalarInsertRaw.html":"8489671857A8DCF4D758EFA14B6E32E4","diamond/data/mapping/engines/mysql/generators/updategenerator.html":"C7F8DC5BB3039BCBAAA6B6C02074193C","diamond/data/snapshot/Snapshot.value.html":"6FE3CC4A4E4E2BAE6F03993F6BFD544E","diamond/views/viewparser/parseViewParts.html":"A5962DF030D63AFCA102B72F94FCA95A","diamond/authentication/auth/getAuthCookie.html":"346FD9955F1B338DF5EB0EF8CD23DB37","diamond/http/client/HttpClient.httpParams.html":"34F488CB3FA2845C75EFBC17477C6E2F","diamond/data/snapshot/Snapshot.opIndex.html":"BC5EFC00256C0705550B3140C4A4A480","diamond/templates/grammar/Grammar.characterIncludeMode.html":"B4A4E7BBFDE958328C36DBF7F508CF46","diamond/core/websettings/webSettings.html":"0497EDCBE35E36A45A271C7E23110491","diamond/data/transaction/Transaction.success.html":"DB04A7FD131AF3C4648967F8F60D640C","diamond/data/mapping/engines/mysql/model/IMySqlModel.html":"16CF1C44E891F2CD776FB916A05F45D1","diamond/core/io/handleCTFEFile.html":"BB9CE87E5019669BC5D90AAD05313ACD","diamond/authentication/auth/setTokenSetter.html":"FCD0C199FB0CB2800369005848B18B5F","diamond/errors/exceptions.html":"306FF2D211B83345959C06D966C77863","diamond/data/transaction/Transaction.commit.html":"8B14FA3821363CFE62999CDFAED86538","diamond/core/webconfig/WebConfig.addresses.html":"08FBEF50F8BB7E4C7C1786311BA81678","diamond/http/client/HttpClient.hasContext.html":"1BEBF6C99694E2D27EB887D9E6595910","diamond/views/view/View.retrieve.html":"585531CF75A539D26DC553DB1E2A96AF","diamond/core/webconfig/WebConfig.accessLogToConsole.html":"B61B840D7FFAE37F787BDA18FB0A399F","diamond/data/mapping/engines.html":"4408185A12FE34D9AAB863495FB382E1","diamond/data/mapping/engines/mysql/readSingle.html":"EF66F8FF273710BD49C5A1755CCFA427","diamond/controllers/controller/actionNameFormat.html":"DF9A4FBD0E706FB445D5FE081EC49513","diamond/authentication/permissions/Permission.html":"959E44D09DF7360F9750FFF8EDD8D266","diamond/core/webconfig/WebConfig.allowFileRoute.html":"572245E1D00A5C8D12969634C10C23C1","diamond/http/sessions/HttpSession.clearValues.html":"D91EE12FC517755A362D19356CE06FDD","diamond/authentication/permissions/unrequirePermissionMethod.html":"0B49BB6639FEBAC6EB12C000E5C5A71C","diamond/http/cookies/HttpCookies.getBuffered.html":"ED2997D06B19CEF1B0A55A8E4029F197","diamond/core/webconfig/WebConfig.homeRoute.html":"4B7876098DF12EF253F90D5C1EFF45BC","diamond/http/method.html":"82134896B693A925267A68AEDA0CBBE6","diamond/controllers/action.html":"FA44D546845363BFE7EB436330D8D5D3","diamond/authentication/auth/logout.html":"E1A0CA0134C6708EBA848ABB290F44D7","diamond/data/transaction/Transaction._commit.html":"2A5066D6D48BEA8600FBB0BFFC9C6AC4","diamond/security/tokens/generictoken/genericToken.html":"958D4BF76C2FAEBD3A4DD240565DAB1B","diamond/data/mapping/model/Model.html":"31D96BBF5BDE45C3E9ED4AE161329F26","diamond/core/apptype/isWebServer.html":"8155280F14F754394AC8ADD8D323C8A4","diamond/data/mapping/engines/mysql/model/MySqlModel.html":"BEA9A2BD1CBD5ADDCE25BB355B1DAE9D","diamond/controllers/mapattributes/HttpAction.action.html":"A5C4C6E92E3FDE4A40422D6187AD782F","diamond/security/tokens/tokengenerator/TokenGenerator.html":"286B523400C8CA39283A51E0D82F29BE","diamond/templates/grammar/Grammar.contentMode.html":"C6931075444A4717B6B66C4A6EA6C6D2","diamond/controllers/action/Action.opCall.html":"9F9DDB1183041FF325CC9C1FF0952FCF","diamond/views/view/View.appendCSRFTokenField.html":"2C8ED74B6AA02D16891BB030A8D7DC29","diamond/authentication/roles/Role.name.html":"155A6676BCAB4D2D7CF87F0EB4565FDB","diamond/data/mapping/attributes/DbId.html":"6B8DBB5B4D358CC1C19BC124540317C3","diamond/templates/part.html":"683E567038A6FA7F7552B6F58E66F32D","diamond/errors/errorhandler/handleUnhandledException.html":"B959C847CD548C83E95436DE6B0E6A06","diamond/controllers/mapattributes/HttpMandatory.html":"8FA9D9B28ADCC5C064E58792FFFC0C58","diamond/authentication/permissions.html":"0F4A8F142DBF948CAACE7467751BECD2","diamond/data/mapping/engines/mysql/readManyRaw.html":"A431137B0E810FB6D6F44C699BA03048","diamond/templates/grammar/Grammar.ignoreDepth.html":"5BFBDA513EDDF890E9805B7B76CD924E","diamond/authentication/auth/setTokenInvalidator.html":"E3E130B82EA455E9297311BC7005B286","diamond/views.html":"7C6570755E4B5403D9EA82BBA82D4DDA","diamond/security.html":"2B272EF8FD0BD674CA403615D5B837FC","diamond/http/route.html":"A2899329EC7D58587F8D7A5AAF45B7B6","diamond/authentication/roles.html":"54D0B0D5487CBBE523D910F66FD97DBF","diamond/data/mapping/engines/mysql/model.html":"D73C98CBDE002D360B99CE5B116947B3","diamond/views/viewroute/GenerateGetView.html":"BE4749A075DC39C9D338899A2F995F38","diamond/data/transaction.html":"B162D71AD6381E3BD6F2F46CA373273F","diamond/controllers/status.html":"AC4C27C8F746A315BCFBC4A72AADB0B1","diamond/core/io.html":"723DE4C4024CC7BCAEF28B895DCDCA6E","diamond/core/webconfig/WebConfig.html":"B1FA3840B7DF453797C465A75FC6FD0E","diamond/security/tokens/sessiontoken/SessionToken.html":"787BD90F218951BC487675126B146024","diamond/data/snapshot/Snapshot.html":"D4A0FCED090947763846FB70283AA252","diamond/views/viewgenerator/GenerateViews.generateViews.html":"2972E225AD285AF789E3B078975B672E","diamond/http/sessions/HttpSession.getCachedView.html":"C7A6429E239410CFD3B4E8DB38EE6FA7","diamond/views/viewformats/modelMemberFormat.html":"0E0FD46BF1CB1D0D1F08DEA991F2BE46","diamond/templates/grammar/Grammar.name.html":"7470EEC22FA4BB8FC4A5651C352D1DE5","diamond/http/status.html":"25A507CDE6C753BAB107335A5F32DADA","diamond/core/webconfig.html":"3B8AD6DFC02467A87446E782DE0AB6FE","diamond/http/client/HttpClient.query.html":"90CCCB49CEB30327FFF1A3A66E7CC5D3","diamond/init/server.html":"A9304628617D0B62E2FFD1507DA2D88C","diamond/templates/grammar/Grammar.endCharacter.html":"864D45B60592F912AC9722D4B9138851","diamond/extensions/extensionmanager/getExtensions.html":"799220FA12C6AEE7B47057128CD9F760","diamond/http/client/HttpClient.json.html":"F80FE54E3A77DC160F4C43D80CE7BF88","diamond/security/tokens/generictoken.html":"A17654E9F5F1A85BBD49FF0DC6AF3AA7","diamond/authentication.html":"26FB2D754BC98802385C4A6077195EF6","diamond/core/debugging/debugging.html":"99E58515B241EA2ACAB378BA13E6C922","diamond/data/transaction/Transaction._failure.html":"B804CB242574A5884170A6EAAA6DC19E","diamond/http/cookies/HttpCookies.create.html":"9127185A989FBDE80E38AC312ABBB988","diamond/views/viewformats/controllerHandleFormat.html":"D99FFBED33B789C4AF91E5B215024A41","diamond/core/debugging/StackLogger.callStack.html":"B754CA8D632D6E2DE892E6C2672464A0","diamond/database/DbParam.html":"A2BE43F224E2CFE44F123D93B65DEBF9","diamond/security/csrf.html":"5C2C70AB57E97FB0783945A9B67F7BA6","diamond/errors/exceptions/enforceexception/EnforceException.html":"74DD1CCD59AC10AD13E530205DBFFD01","diamond/http/client/HttpClient.host.html":"8D36B16AC2EF219E5D0AE2B808CF1B1F","diamond/authentication/auth/hasAuthCookie.html":"7777C42A1692DB6BF41075B15441076D","diamond/controllers/mapattributes/HttpDisableAuth.html":"CB063D783594EE08F3BF6DD5117132AB","diamond/views/view/View.viewRaw.html":"3EF7BA8CBB817C3DE3B0AB5F45C379C9","diamond/http/cookies/HttpCookies.getAuthCookie.html":"B38176364ED8F7966EAEA97D499FFB73","diamond/data/mapping/engines/mysql/readMany.html":"CB27EFC9ED62C8CB52416CEFB27CA34A","diamond/controllers/controller/Controller._view.html":"FACC516B0F9B123C777AAD32E0C0BF09","diamond/templates/grammar/Grammar.mandatoryStartCharacter.html":"FA687798A79A1ED4359C709B7E21BAD4","diamond/security/tokens/sessiontoken/sessionToken.html":"0CFD6E7477F43E0C13EF5C7B7FBFCACF","diamond/http/client/HttpClient.ipAddress.html":"74EAC9210689A5A84F9C54E4748FAC5D","diamond/data/mapping/attributes/DbNull.html":"D3DCD3730B4F0BB4DF21EC47FA513D3F","diamond/views/view/View.render.html":"4604946F57549AD68E0965D6911E07A6","diamond/core/webconfig/WebConfig.restrictedIPs.html":"BD2D988C4256D2382E731DC5F60A34A6","diamond/data/transaction/Transaction.opCall.html":"76E2A62CC1464E7E552CE06F6971CBB4","diamond/authentication/roles/hasRoles.html":"26A298AE13D33E95C98716E06C2D160F","diamond/extensions.html":"639A7B30A19204D4C203EE8F315ED479","diamond/controllers/authentication/AuthStatus.client.html":"7F4F67ABC57A3DAE5E7CF2BFD4789676","diamond/data/mapping/engines/mysql/generators.html":"3801797776B9358B18F36F221946A650","diamond/core/webconfig/WebHeaders.staticFiles.html":"E8E48B343795AECEC12B2B6C0C74C063","diamond/views/view/View.view.html":"AF5BB9D714752D91A0A8D36E906386A5","diamond/data/mapping/model/deleteMany.html":"275E4FABF6F328A93E1898E4FF3E5605","diamond/extensions/extensionemitinfo.html":"AF76615CA06066653218AB25BD2D91BB","index.html":"A72F4524A2007017CB0562247CC372F9","diamond/errors/exceptions/viewexception/ViewException.this.html":"653C95B760C5422C1DAE6971159558A7","diamond/extensions/extensionemitter.html":"F77B9A5D223CCA2919938D9E34BC6AD0","diamond/http/client/HttpClient.getContext.html":"A8C5FEE83D788D737BA334422497DDC7","diamond/templates/grammar/Grammar.startCharacter.html":"56E00F67EC3F54CF1971C202947DE3D3","diamond/extensions/extensionemitinfo/ExtensionEmitInfo.type.html":"F96A4835E2CACCDECC9600C90EE4AF88","diamond/http/client/HttpClient.redirect.html":"55E670BD92DB9D329C93C5BF1CCF96F2","diamond/templates/part/Part.html":"70D0043045AEBF658BD2F7FD5083474B","diamond/controllers/controller/defaultMappingFormat.html":"F3A9EB4BE94E2F533C1C201B37CC2EE0","diamond/extensions/extensionmanager.html":"CF1CC56207B45E14E9BFE80EB05AB147","diamond/templates/grammar.html":"F67DDEDD41F53A493B6F65486447BF25","diamond/core/websettings/WebSettings.html":"0C01DAD586253676ADE415A7F4EC8C91","diamond/errors/exceptions/enforceexception/EnforceError.html":"2B7F3CCEDA9DBD4B6493988BEB7A12B2","diamond/core/websettings/WebSettings.onApplicationStart.html":"CBAC50557DF2BA6912E9F374A86D748B","diamond/core/io/handleCTFEFile.handle.html":"D4E981A36EEDCA98B0B2B68B0EEFFCF3","diamond/controllers/controller/Controller.html":"5B4C95BF8BBDF06F44A2AE7EB68CE2B9","diamond/templates/characterincludemode/CharacterIncludeMode.html":"D982717E017952ED503FFBADFC01225B","diamond/authentication/auth/login.html":"FF1D1FC5A01DB5E9617548E75898975D","diamond/data/transaction/Transaction.this.html":"A4D45A71633206DF1E1A400341D31EFD","diamond/controllers/rest/routepart.html":"2173C82210BEFD9604535435DE99A770","diamond/core/webconfig/WebAddress.port.html":"03828750F76C85387F67A942AB632D9B","diamond/core/webconfig/WebConfig.globalRestrictedIPs.html":"F026D21A136DA71A47E869B4176DBFB1","diamond/authentication/permissions/Permission.deleteAccess.html":"3FDF45F480A032543992D02B7761E70A","diamond/data/mapping/attributes/DbEnum.html":"57A5DD99852863621E69C5918DA6569D","diamond/controllers/basecontroller/BaseController.mapMandatory.html":"71BFA8B8B076550E0D6EBBD314E46E5A","diamond/core/collections/HashSet.has.html":"2F2FF157304C2A2EA2135445D6860C09","diamond/controllers/basecontroller/BaseController.html":"CB5131F6D3AD7AE53D58F8205D656291","diamond/core/webconfig/WebConfig.staticFileRoutes.html":"DE89F473F85E07EDF38ACDC1E9030146","diamond/authentication/permissions/defaultPermission.html":"1BD4E6821C36E2AFE8F2241F47051C4C","diamond/http/client/HttpClient.clientCertificate.html":"736B62F5F93198F5F3EF2299C7317D9E","diamond/errors/exceptions/viewexception/ViewError.this.html":"7C73023AC5000B7B3AAF6C6132DB34CB","diamond/http/sessions/HttpSession.hasValue.html":"AE4339538BCA15F4AC245B8F59F04FD0","diamond/controllers/basecontroller/BaseController.ActionEntry.html":"53A8EBA87C66653531D101BF6A9F4F9A","diamond/http/client/HttpClient.requestStream.html":"36B920FFF1740B812D6199CEF8C11259","diamond/data/mapping/model/Model.updateModel.html":"7AD5B753C47221CE29A1B7C475D22C02","diamond/data/mapping/attributes/DbTimestamp.html":"249166C2B4C09D66885E869AF8BF828D","diamond/core.html":"BAA5DA606CFD357E214B69EB604C01A0","diamond/data/mapping/model.html":"4426F4306F9FCBA23936FE14593834B7","diamond/security/tokens/tokengenerator/TokenGenerator.this.html":"BFBBA031D701953776563B82BAA845AD","diamond/data/mapping/engines/mysql/scalarRaw.html":"093AD753CB040CB27440A94EA97D8D05","diamond/http/client/HttpClient.rawResponse.html":"268B1C69010C033E666FD5C7A89F72B5","diamond/views/view/View.addPlaceHolder.html":"66081A8CF4C8B9A2E626F225118FD183","diamond/views/viewformats.html":"557051165C54CA5DB03CCC9FE3B6D133","diamond/core/webconfig/LoadViewData.generateViewData.html":"3B827011B26910930F48EAB9C543ED91","diamond/templates/grammar/Grammar.html":"51FA048ED66CB3C967411B3F36F3542B","diamond/views/view/View.route.html":"0A8237FD0772ABCA5E68FEAB8EBD7A36","diamond/security/tokens/sessiontoken/SessionToken.generate.html":"7ADAD93A5D46EAB4FA2C70D93E194C9D","diamond/controllers/controller/Controller.jsonString.html":"E179E0040913ADB34F749526D83FD671","diamond/http/client/HttpClient.files.html":"34E4C576229F86D33F978771ACFEEE70","diamond/data/mapping/engines/mysql/model/MySqlModel._index.html":"CF2B8709340BDDBB182A5908D29B9A76","diamond/views/view/View.html":"A749C372FFDC0681A1A642DF56DEB709","diamond/views/view/View.httpMethod.html":"2846CF08323CBC8808562CA75A89F023","diamond/views/viewgenerator/GenerateViews.generateViewsResult.html":"3678ECB2947004981F76EA32332EEA75","diamond/data/snapshot/Snapshot.reset.html":"10ECCB6C5167D703BED77BE9FEE35FAE","diamond/errors/exceptions/enforceexception.html":"10012EE1C50B674EC5114B9F476DD8CE","diamond/security/csrf/clearCSRFToken.html":"9617604560660866FBF2504E88DE9FB2","diamond/data/mapping/engines/mysql/scalar.html":"EDAAE50D4B582986220E00F1A2571242","diamond/views/view/View.renderModel.html":"2B64EC8E8785FB85C488E308EBDCF461","diamond/authentication/roles/Role.parent.html":"9E8FC4D3389EA0D958387912D96E860E","diamond/extensions/extensionemitter/ExtensionEmit.html":"338956F2A75C55B3DC8D0D5B436B702C","diamond/templates/part/Part.currentGrammar.html":"61A589FB101B4CE35A3872AAD72ECCFC","diamond/controllers/basecontroller/BaseController._actions.html":"5A8DE15D326BF22A8B6A723E98B8FDC7","diamond/views/viewgenerator.html":"A179438D0DFDAED504E7276E6A098ACA"}