﻿{"diamond/http/client/HttpClient.contentType.html":"C32EC89370912B53E97D69814C1C511B","diamond/database/engine/model.html":"EFBC4C65EBBAD8C2E9DBD42155357934","diamond/controllers/authentication.html":"3CA1692CF4DB827B7BAA00DCBB8B99D6","diamond/security/tokens/sessiontoken.html":"BEDAE11937C0BAB05F2C47BF1BFF10CE","diamond/authentication.html":"419473F090460821A17E184F0D134CEF","diamond/database/core/generators.html":"02186E5FDBFBB109C701D91858FA3035","diamond/core/debugging/debugging.html":"0DF5FF7AFD1E5698CEE782ED97B512F4","diamond/controllers/action/Action.this.html":"7E0C9DAE83297F557448FF92C76BCBA7","diamond/database/engine/mysql/DbParam.html":"7A84A59E0A733240931509B44BAA4F38","diamond/database/engine/mysql/executeRaw.html":"3E1A3C93B616A47CED5CD25794F4EFA6","diamond/http/cookies/HttpCookies.create.html":"E9C1C1C9285B00948484DF3273C8286D","diamond/views/viewformats/endFormat.html":"4D10F5065645F761D5F9F87349755889","diamond/errors/checks.html":"66592498D66D68A5CF8CB6E2DFB52459","diamond/controllers/mapattributes/HttpAction.method.html":"6FF974D24B98F2D27F9E462EA88AC962","diamond/core/debugging/StackLogger.callStack.html":"23CC983384F8137F8965D06B55BB73AE","diamond/controllers/basecontroller/BaseController.mapDefault.html":"DA6A58819A2936EC46738E628B34922F","diamond/database/DbParam.html":"06ED00980D33F72EDC303009562E4AA6","diamond/controllers/authentication/IControllerAuth.isAuthenticated.html":"389CA47B19A5C20554AF8C57D77B13BE","diamond/errors/exceptions/viewexception/ViewError.html":"91C188CBD481A674BD6E188AC21A7D26","diamond/security/csrf/isValidCSRFToken.html":"13C9F25CC59B892D28E4B8DB825E0CF1","diamond/http/client/HttpClient.html":"86C4DDD03C3615992A1D5668D995E648","diamond/http/client/HttpClient.addContext.html":"97E0217AADE6BCF555207AAB4C0D42EA","diamond/security/csrf.html":"A10A72436A5250477E0B23832C361B12","diamond/security/network.html":"5585E9E9C8ABFCC9256E1AD69CEAF807","diamond/views/viewformats/appendFormat.html":"F5216F0BA15E9AB21E29BE7DC5CD1C2D","diamond/core/apptype/isWeb.html":"0F9ABB4A36A2CAB01A5458ACB6E43BA4","diamond/controllers/basecontroller/BaseController.MethodEntry.html":"3D04DCACB488C9E21A185169369934C2","diamond/errors/exceptions/enforceexception/EnforceException.html":"6A91A40B42DABCD6EDDDBD4F2C0DB2B2","diamond/controllers/controller/Controller.json.html":"69618A963C36483E8D78B58855FAC78C","diamond/http/client/HttpClient.headers.html":"58562D5293114A4CB9E9CD7F40FA6732","diamond/http/client/HttpClient.host.html":"92BD47CA3CB18A85E72C3B3B42FDFF3A","diamond/authentication/auth/hasAuthCookie.html":"9C3CB94E217CDAE1F2DCAF1A4E51DE02","diamond/controllers/mapattributes.html":"2FAD2CF69947BCDB1F73FB7E85995A1F","diamond/controllers/mapattributes/HttpDisableAuth.html":"EB29BD64EBECFB3BCD92C15C920A2297","diamond/core/io/print.html":"56800B9E8EA73426DE92CDA9A4A68081","diamond/database/core.html":"C20BB020AD020DCDBBB52D5BB9B25F47","diamond/http/client/HttpClient.connected.html":"7FA4B6DDE935AB7FFA43E23862A11731","diamond/http/client/HttpClient.notFound.html":"1347DA988A8298616707DA5360EA05EB","diamond/http/cookies/HttpCookies.getAuthCookie.html":"D04BA5BE218B283551D525232DEF323B","diamond/http/sessions/HttpSession.getValue.html":"3B20307272CD51F10343AAFA5470C9FC","diamond/views/viewformats/modelGenerateFormat.html":"FE6E3302A5A6AD44A1D0865FBD935346","diamond/views/view/View.viewRaw.html":"F7D961871DADA492B3E3BB0E45353D0B","diamond/views/view/View.asView.html":"59A901BA6C5A7F9859A3A4836B38D27B","diamond/views/view/View.client.html":"2F98AE983C46217ECD09B4FF9A040786","diamond/http/sessions/HttpSession.setValue.html":"20DE623BCAC85404D53519665ED311D1","diamond/controllers/controller/Controller._view.html":"19DF1618AAB37CD76CEDFA85A2619DCD","diamond/controllers/authentication/AuthStatus.html":"4FAF51E31C1C954D7F47179924D40A5D","diamond/errors/exceptions/viewexception/ViewException.html":"AD6D708FD8F3D69EB3A10C7E9E2C4B60","diamond/security/network/validateGlobalRestrictedIPs.html":"E6999DEB36923F086CE1CE5316469517","diamond/http/client/HttpClient.path.html":"C827B37B8CD92ED538584015C0809BF0","diamond/templates/contentmode/ContentMode.html":"ADB2E974F5D999AFB9F52B74E4731D61","diamond/errors.html":"358D9A4D4A5FEBB322CA2E147520C868","diamond/core/webconfig/loadWebConfig.html":"D76B2BCFE29626E4ACDD9714A7A9F6D5","diamond/core/debugging.html":"2D7DC05CFDAEA2C2373CA5391FC25B7B","diamond/errors/exceptions/enforceexception/EnforceError.this.html":"66697B3BB9F54ED4467C47939F042462","diamond/templates/grammar/Grammar.mandatoryStartCharacter.html":"67F0580ED564F0A7AE56FB19D82D8826","diamond/errors/errorhandler/handleUnhandledError.html":"EE1AD443E26956A24F2C4E8ADA12E61C","diamond/controllers/controller/disableAuthFormat.html":"14B7E001E8BCA46682B32E014C2C30C6","diamond/database/engine/model/DatabaseModel._reader.html":"11F0CFFE084DC45BBBF880A7237841D4","diamond/controllers/mapattributes/HttpDefault.html":"A3516E0776C046C47CF6E9770B43C5EF","diamond/http/client/HttpClient.ipAddress.html":"6DF4AAB0E6F625DCF590654707F6A4AB","symbols.js":"9D12D12E1E8236C313E76F91793939F8","diamond/security/tokens/sessiontoken/sessionToken.html":"0BC917782FF45614FADCBA4BDB96269B","diamond/templates/grammar/Grammar.includeStatementCharacter.html":"6CAD996E13A254EB5F50198301A94A37","diamond/views/view/View.render.html":"8D2BD20811FAFD4CA7CE47787C55A4A8","diamond/controllers/basecontroller.html":"40CB85A763BCCBAD7D63C84B89B73824","diamond/authentication/roles/Role.addPermission.html":"87BBBB9D2020FC70389B40467D7B9575","diamond/database/core/generators/insertgenerator.html":"EC4DA42B0EB2B255DDF02C70FF13E78D","diamond/database/engine/mysql.html":"0E5C19A05A1F4E54D455F27A06F518E1","diamond/security/tokens.html":"CE675B2ED03956321A6B778743882503","diamond/authentication/permissions/Permission.writeAccess.html":"CFD385805E497B0CACA7F175FD959AE4","diamond/core/webconfig/WebConfig.restrictedIPs.html":"BF82E9E6307D4A9D5CCA4938F1532EEF","diamond/http/sessions/HttpSession.updateEndTime.html":"15B7CA2E51106035CB1F34ACAA3D0D7C","diamond/database/engine/model/DatabaseModel.deleteModel.html":"61FD816AE73E6616926A7E5D064C895F","diamond/authentication/roles/hasRoles.html":"5B3928324A3AC735C55357F2B37BEED4","diamond/controllers/authentication/IControllerAuth.authenticationFailed.html":"D9B5D18DE93BF9A99770AA707113DF51","diamond/http/client/HttpClient.role.html":"B114A5052817760417B5EE11F6A5E1FF","diamond/authentication/auth/setTokenValidator.html":"147ADFF135B87AC95D6B7EBEDA29506E","diamond/controllers/mapattributes/HttpAuthentication.html":"547306344636802F8B0801CEA5E8039D","diamond/http/cookies/HttpCookies.hasAuthCookie.html":"65336CFB2D88CAE38B0DEFDD0BC1C36F","diamond/controllers/basecontroller/BaseController._mandatoryAction.html":"B877C64957CF5FF7F2FC4B2089C0918A","diamond/database/core/generators/readgenerator.html":"A50492609DEFD93509A4663BC92B039B","diamond/core/apptype.html":"FBFF7E33867522DADEA529080BA3C3E9","diamond/controllers/mapattributes/HttpAction.html":"65CE3ACB93F36B6A2B20165F50640393","diamond/database/engine/model/insertMany.html":"7D02B04E22E4512037A1223F4AB0576C","diamond/database/core/attributes/DbNoMap.html":"3E5E2DAC09BC40BD46BD24C7CA1FD22E","diamond/templates/contentmode.html":"C23077FF4637B19F0E8F3FFF0C79323A","diamond/extensions.html":"D49D35EE497CB4F84E4FFBE2E11FD625","diamond/views/view/View.isDefaultRoute.html":"EB3BC7A7CA78E7C60CC00916A06659FB","diamond/authentication/roles/Role.html":"F932BB3053928D37A4B7258475D8A79B","diamond/controllers/authentication/AuthStatus.client.html":"272A0EC2157F307FA11D6F288582B273","diamond/database/engine/model/DatabaseModel.html":"6A6338BCB74F3CCD69E0C8C7A63E89BA","diamond/core/senc.html":"DF98980950B5A45BC8E937F028801D82","diamond/core/webconfig/WebHeaders.staticFiles.html":"404361F2BBE46846A62A58753883373F","diamond/security/tokens/tokengenerator/TokenGenerator.generate.html":"ABF4E45B3579807C7F13BD69CCE92179","diamond/authentication/roles/getRole.html":"ED2223E774955EA9B9563E02089AE019","diamond/core/webconfig/WebConfig.defaultHeaders.html":"49E6015DBF68BEE48FFC0ADB564D8042","diamond/views/viewformats/controllerHandleFormat.html":"A6B2D4183476B05875E45806A5C22670","diamond/http/client/HttpClient.fullUrl.html":"1756EC78BDACA7D433A1249B8D2FB52F","diamond/views/view/View.view.html":"5FB8112B8844ED12DB4D9D06C88793A5","diamond/http/client/HttpClient.contentTypeParameters.html":"DDE96F3FEA60C09461102DA9B11384A3","diamond/views/viewformats/escapedFormat.html":"FBEF541F27A18F6CC0055F30B1BFB621","diamond/core/collections.html":"7E98B109533B7E9ECC46123DD9DBCD6E","diamond/http/client/HttpClient.responseStream.html":"E21333742D1D8E4BF5B754B3D5BB404E","diamond/http/client/HttpClient.login.html":"ED43BF1E039FA7FE7FC6E8C61C01A978","diamond/views/viewparser/parseViewParts.html":"F75C2458629069648B5253C20AEF268E","sitemap.xml":"F18C56EDEDF524F167FC1C5D6E3E24C8","diamond/authentication/auth/getAuthCookie.html":"93661086225D0464FCA1DBF4BE1D5265","diamond/database/engine/model/DatabaseModel._inserter.html":"4C6312327D88A2C858B4CE5219CED924","diamond/extensions/extensionemitinfo.html":"DB2924E46385E880A5DCB9654CE1B4EB","diamond/http/client/HttpClient.httpParams.html":"3589F400E5EE12485F3AF1147570B7F8","diamond/templates/grammar/Grammar.characterIncludeMode.html":"866970BDE3D2B78C921059F89FE37099","diamond/authentication/roles/setDefaultRole.html":"DB92C4D2E0AEEA2D989ED8B7CD9AEFD1","diamond/database/engine/model/DatabaseModel.readModel.html":"249853481C6618DE5A6EAB6CF5520F70","diamond/controllers/mapattributes/HttpAuthentication.authenticationClass.html":"A33582EC4819301CA34B59742AA245E5","diamond/database/engine/model/DatabaseModel.row.html":"04B2E7E645B0E5923625F6BD18548F3E","diamond/core/websettings/webSettings.html":"D782C4A1E363F1EF4C781F4BCC0D6135","diamond/controllers/controller/actionMappingFormat.html":"909B1472F006297EF6A8731EB02965EB","index.html":"F11C36C23912932703DB2C663BEAB69A","diamond/errors/exceptions/viewexception/ViewException.this.html":"00E57D56BD126893A5867E5387543F86","diamond/init/web.html":"57F3E5F3E8F54B025C8A898B577CF19C","diamond/core/io/handleCTFEFile.html":"C98B1D814D409CCE8E72D07EC9B23F65","diamond/database/engine/model/DatabaseModel.this.html":"A347EBF59A4477C40F983ED8EA77DEC2","diamond/views/viewroute.html":"AAD18A919E61D702DD29900B7CC763D0","diamond/authentication/auth/setTokenSetter.html":"EB00F1DCD4614D50AD2E165ABC74931D","diamond/errors/exceptions.html":"854D14450635936E049838CC93F89FEC","diamond/authentication/permissions/Permission.updateAccess.html":"51A67332C1DFFEFD8DCFED3680EA90BD","diamond/controllers/controller/Controller._disabledAuth.html":"3DF3B01EF9115AA4C3B67EA25930331D","diamond/database/engine/mysql/scalarInsertRaw.html":"E6B05E2972151F879B4246E7EB248814","diamond/core/webconfig/WebConfig.addresses.html":"0FA198C5E8FAA6DC2399E5EC15352B6A","diamond/extensions/extensionemitter.html":"608410C50329540E411ED65CE25A7443","diamond/http/client/HttpClient.getContext.html":"37DB0F35D0E22B8A9EF92941FCA5E818","diamond/templates/grammar/Grammar.startCharacter.html":"C5194438C8842D14DC28C848A98EEFC0","diamond/controllers/basecontroller/BaseController.this.html":"9D11C070D758C7C10A5CD2C9687EF59E","diamond/extensions/extensionemitinfo/ExtensionEmitInfo.type.html":"686033112CEA7F4287B8B37D06969425","diamond/http/client/HttpClient.hasContext.html":"BB5B2422C12352CBF292127DCB7336C7","diamond/authentication/roles/Role.hasPermission.html":"E54E7B5C57E8E53C002D126324682E7B","diamond/views/view/View.retrieve.html":"A28A7ECDB7506DE20E236CF08AD79FCB","diamond/http/cookies.html":"E725E9CF96D2CED466C43B18221B6300","diamond/http/client/HttpClient.rawRequest.html":"A4EB0C65C48DAEBA990E398931C7CD85","diamond/core/webconfig/WebConfig.accessLogToConsole.html":"23F1D71568549DA2D12D1E743AEE233A","diamond/controllers/controller/restrictedFormat.html":"2819ED104072B5BE5571AD5D51B797E8","diamond/core/webconfig/WebHeaders.notFound.html":"D88910B6716E3C0C4CB0655D5136D0CE","diamond/core/debugging/StackLogger.html":"19815E14F183EB96007BD24390E6EA9E","diamond/http/client/HttpClient.tls.html":"3D8822ADC9AC94DCDD23CB21F4FFA04D","diamond/http/cookies/HttpCookies.remove.html":"83AAC8DECEAB4356DA13F89E52771361","diamond/database/core/traits/HandleField.html":"3B25DA24EA42C97A18322576A03757E1","diamond/core/webconfig/WebConfig.sessionAliveTime.html":"67BB85961A0B1514C7E17914D7D3C8A0","diamond/core/webconfig/LoadViewData.html":"99FDD86801015A98789F6A8726AD67C6","diamond/templates/parser.html":"4F95EB2A0D5035E5061F85DB13FDC46F","diamond/database/engine/model/DatabaseModel._row.html":"9FC80EEE965A4331D02DF77BCD9DD118","diamond/controllers/controller/actionNameFormat.html":"968DE21A353A4E3E83E21BFF9120104F","diamond/authentication/permissions/Permission.readAccess.html":"564174D139F7A454534BEEF7DDFDD6CD","diamond/authentication/permissions/Permission.html":"0E2F8E0CBD293AD576DA4C0593BD0CCF","diamond/authentication/auth/validateAuthentication.html":"05AFF4AB5BC4F740B68270B03DAB9FAA","diamond/controllers/controller/defaultMappingFormat.html":"AB064EE5EDE6C167E148164CA99CC6B7","diamond/extensions/extensionmanager.html":"68B7669DA2F8B18E1A64DD06A930736C","diamond/http/client/HttpClient.redirected.html":"22E7015276396A11BBFEE50A74033822","diamond/core/webconfig/WebAddress.html":"E8AAD0B7A91EEF1DBA8058E1D0EB7D36","diamond/core/websettings/WebSettings.html":"79B0BA3BFC27F638C9BCF4A420245EB7","diamond/errors/exceptions/enforceexception/EnforceError.html":"BD87518B81E51AEF62193448B48BDB77","diamond/core/webconfig/WebConfig.allowFileRoute.html":"1FDCB28565C51852EF25269B076DFE53","diamond/errors/exceptions/viewexception/ViewError.toString.html":"091911C2A9FB49AC475D767DA5E11557","diamond/core/websettings/WebSettings.onApplicationStart.html":"B59F3CF560032490436E990CD1CDD43A","diamond/http/sessions/HttpSession.clearValues.html":"0886402C8FA59A7178EFA837161A9829","diamond/core/io/handleCTFEFile.handle.html":"6F966B5037D62B5611B6E7311B54F76B","diamond/authentication/permissions/unrequirePermissionMethod.html":"D34F9B05ED0C3A93C3C3152B72A73DF5","diamond/templates/grammar.html":"B02EFE60ED24D3AB5AC206914F5CF5BC","diamond/http/client/HttpClient.redirect.html":"F45E4CC0E50C4A57201698ADBA1DE8A9","diamond/views/view/View.layoutName.html":"1B1F952AA31BB644AC5B4C98E2C48924","diamond/controllers/controller/Controller.html":"77759D1BF2ED227731B0D6F60091D941","diamond/templates/part/Part.html":"15E7651E1BFC115184DF4DBAB762AC26","diamond/database/getParams.html":"7618A83DD93AB757CAD471CE7D9E3DEA","diamond/database/engine/model/DatabaseModel._deleter.html":"4FA5D79FDAB4A80E49E5F3FD99AF9188","diamond/core/collections/HashSet.this.html":"20764F9E3B2A9FA1EE5A528BF4081C93","diamond/database/core/traits/HandleFields.html":"429D9ADC90A56B403455B30B20186C11","diamond/database/engine/mysql/readManyRaw.html":"80B383DD177858720BBEA091C1A0A805","diamond/authentication/permissions/PermissionType.html":"2C183A0C9C477DBCC984A0DBD5445BB3","diamond/extensions/extensionemitinfo/ExtensionEmitInfo.this.html":"AC8B71F8615EBE7022DB4EB52F903B35","diamond/controllers/action/Action.html":"198B3F357D45F198FEA773FDAC8E8DF8","diamond/http/cookies/HttpCookies.getBuffered.html":"BA26249A73786B4E3962FDABC14DE1C4","diamond/extensions/extensionemitinfo/ExtensionEmitInfo.html":"B210152DEC094A5E11AD2A3F95E725EA","diamond/authentication/auth/login.html":"4D3580BB52177F1531B20EB2E196B893","diamond/authentication/permissions/requirePermissionMethod.html":"765873E40436EECB84195B402B97071B","diamond/core/webconfig/WebConfig.homeRoute.html":"F476D9F7C9D7E51E93207811B5BA18C2","diamond/database/core/attributes.html":"75F6BBD6C648E2BC855CB53DAB009DD1","diamond/controllers/rest/routepart.html":"D5DC6C1936795C917FA77EE3359E183E","diamond/controllers/action.html":"BB064DD875ADDBFA48BACC998E7F7D30","diamond/authentication/auth/logout.html":"DAF771AEB9E311DC27097DFD699D2FB5","diamond/core/webconfig/WebAddress.port.html":"AF1BA3D5B845508F419BE94902CCFBAD","diamond/authentication/permissions/Permission.deleteAccess.html":"A35B2D4B298A231CBBF7FDB9A7E50549","diamond/core/webconfig/WebConfig.globalRestrictedIPs.html":"B29B174126744C32EB9799C91343A5C8","diamond/database/engine/mysql/scalarInsert.html":"6947B9295EFDCE65D29326C4D65BAFA2","diamond/database/engine/mysql/scalarRaw.html":"4CAADA65C27EB6C7A8A9B33615E97FB3","diamond/database/engine/model/DatabaseModel._updater.html":"542446BA1211196C4E1BA385E6F49053","diamond/extensions/extensionemitter/ExtensionEmit.emitGenerate.html":"EE6A708DA1CBF4BD565E153CA2F4FDF1","diamond/templates/part/Part.name.html":"28A364111E3B113C2164F0D0EECB3460","diamond/templates/characterincludemode.html":"F2CE2360688C388DD9D585892A9BB404","diamond/core/apptype/isWebServer.html":"8423773A0275862568B930F1D092E915","diamond/http/cookies/HttpCookies.createBuffered.html":"1165F3D06C85DB073FEA7A3E04ACD59B","diamond/controllers/authentication/AuthStatus.authenticated.html":"165F98097248E90A1EF0CF76DEEF1108","diamond/security/tokens/tokengenerator.html":"97666246E030300FDE82A5630E651BD6","diamond/templates/characterincludemode/CharacterIncludeMode.html":"5080CCDAD8EEA2567C356BB220D4431F","diamond/security/tokens/generictoken/genericToken.html":"569B8D3ED21223CDDFBEB091C537948B","diamond/core/collections/HashSet.add.html":"9BBBA0B15E921376E3D8544DF77ED3F1","diamond/database/engine/model/DatabaseModel.table.html":"80BD08244989673F272D3FB2C984D52A","diamond/http/method.html":"C053D1D8F3E943499DC6A73E164EAFB8","diamond/controllers/basecontroller/BaseController.mapMandatory.html":"D91DDBFC16D6DCC483D466F66CB5F42C","diamond/http/client/HttpClient.error.html":"A95F345434CFBF0310F8C95EE48499BE","diamond/http/cookies/HttpCookies.html":"7B1F70A48814100082827B7F27350F9B","diamond/views/view/ViewTypeName.html":"9B5D1ACEA4A0E68513F770A63237063D","diamond/views/viewformats/placeHolderFormat.html":"792EA4DA2AC8A7694A56B8189A6D76D7","diamond/security/network/validateRestrictedIPs.html":"80BC84A677358908C560913AE1C30A00","diamond/http/client/HttpClient.session.html":"38B05AC563824848AE0A3F1D36148F7A","diamond/core/webconfig/WebConfig.shouldCacheViews.html":"197AB7166C478E4EB67BB63366D75F2F","diamond/views/viewformats/controllerMemberFormat.html":"86C0E11C5FDFF4101AE9522B9ED7CFC7","diamond/database/engine/mysql/exists.html":"3FB8097AD0ADEE88393DF0350CF4031D","diamond/views/view/View.retrieveModel.html":"E2E16CC399FC3A845F47A4F598DC2F84","diamond/views/viewgenerator/GenerateViews.html":"FB8F4AC77E399734003ED1BC8C5E31FC","diamond/security/csrf/generateCSRFToken.html":"80FCE9B60EDE3B0F80058A6A3713FEA9","diamond/controllers/basecontroller/BaseController._defaultAction.html":"BD5152637AFFE5C64D7C117CCF44F699","diamond/extensions/extensionemitinfo/ExtensionEmitInfo.moduleName.html":"25F2527FE6BE21B71DBB5C94962C87AE","diamond/core/collections/HashSet.has.html":"BAEB1B846AB54FEC0A175B0542D053B1","diamond/database/engine/model/DatabaseModel.updateModel.html":"A07DF9A6F1CDC58B3971835DBD25EB09","diamond/views/viewformats/viewClassFormat.html":"CD798D9B04DCD67C25B511266072CA49","diamond/database/engine/model/deleteMany.html":"45085D5F8F882D629B81BBC7723E5E0B","diamond/extensions/extensionemitinfo/ExtensionEmitInfo.name.html":"97B9DE9F08264CE52A25D86B09FDC5D4","diamond/core/collections/HashSet._set.html":"5DF1832AD4B04E13D875C0CAF1E9288F","diamond/controllers/basecontroller/BaseController.html":"B17E598757769587C30C08C420B125C0","diamond/core/webconfig/WebConfig.staticFileRoutes.html":"E49F1D7770229861EE4D8BA771B01621","diamond/errors/exceptions/viewexception.html":"8125C419EDA95002AB55DE55587C0435","diamond/init/server/handleWebServer.html":"60EEE8586B3091353E8CF3F0EC338165","diamond/authentication/permissions/defaultPermission.html":"491281EC8533FE5B30CB752F23420C4B","diamond/database/engine/mysql/readMany.html":"1BC90350A7345C8AB3D76847EB5EB02E","diamond/core/webconfig/WebHeaders.error.html":"CCF14D6C4931FF9FCAE7E8A7B8AD63FC","diamond/controllers/controller/Controller.view.html":"1942BAEA656945377527EFB685906A6C","diamond/controllers/authentication/IControllerAuth.html":"6D9EE67A9E82A5530194DBA8E6228468","diamond/database/core/traits.html":"DEA965590DB890269431D0D96D8E49BB","diamond/http/client/HttpClient.clientCertificate.html":"41520C228C8A32DCA3ABD719A0D9A76C","diamond/http/method/HttpGet.html":"DD0330E5C8025EF0AF869B59150423A3","diamond/controllers/rest/routetype.html":"9607418599C55DBFC6AB44EE5054BD2E","diamond/authentication/auth.html":"54F67B5075384983B477201B5CBC2AE0","diamond/security/tokens/generictoken/GenericToken.html":"40DD057A94A9363813A727FCE04D30DD","diamond/controllers/mapattributes/HttpAction.action.html":"B825C8E7039327CB388FE74938D9A07D","diamond/database/core/generators/updategenerator.html":"5C8739ABBBD58B245E4BC1EA09C7B8B4","diamond/database/engine/model/DatabaseModel.retrieve.html":"D02E219FB46AE2757B817D62C8AC8278","diamond/security/tokens/tokengenerator/TokenGenerator.html":"C0D50262842EEAE3736BC4883750B891","diamond/errors/exceptions/viewexception/ViewError.this.html":"634E832ED55461661F643C4AAFF4D0F0","diamond/templates/grammar/Grammar.contentMode.html":"6F08EC5C3195E8265B91CB1DE01936FA","diamond/controllers/basecontroller/BaseController.mapAction.html":"FAF3EDF7640688253321D99F09203714","diamond/controllers/basecontroller/BaseController.ActionEntry.html":"62F48EC140C2FC1A4E27C09492659225","diamond/http/client.html":"BE009DCD0B7A34E77A639880004A8891","diamond/errors/exceptions/viewexception/ViewException.toString.html":"D1316740B631BD3E4453E444C0F3E0E5","diamond/http/client/HttpClient.requestStream.html":"E2430B2F27D3D9ACA7DC8ADF48A27D26","diamond/controllers/action/Action.opCall.html":"C7745902839CFAC6957FFC425FE7F974","diamond/controllers/mapattributes/HttpRestricted.html":"6EDCA6D2655E788026F2B302DC8B3074","diamond/authentication/roles/Role.name.html":"024152FF6C17C707BADC4F8C27204CE8","diamond/database/core/attributes/DbNull.html":"E4C5F0308C18EBACF6D8BFD538EC99A2","diamond/controllers/controller/Controller.handle.html":"DAB589CF6C8EB13545CCDFFFD8E77138","diamond/views/viewformats/layoutConstructorFormat.html":"C9242CB1A960D5865AD6FC4A6FFF131B","diamond/views/view/View.appendCSRFTokenField.html":"FB1C88FBB88A9EA6B76E8074B8A326DF","diamond/controllers/status/Status.html":"1305D2F865A84DE84349638DA39A1C83","diamond/controllers/controller/Controller.getByIndex.html":"D577FF135EF2DB5C80186190EF919073","diamond/database/core/generators/deletegenerator.html":"1EBEFD27C4AEFFE1F2229CE680F67A8B","diamond/templates/part.html":"D56BE33DCA79857506877676C2F27F30","diamond/database/engine/model/DatabaseModel._index.html":"D9BB72879914F0D0735861DF8C7FBA90","diamond/controllers.html":"FCD4132D0AB4D773A23E7AE549B56DE8","diamond/errors/errorhandler/handleUnhandledException.html":"BEEB4290B46F79532E52C91E191F8B8D","diamond/errors/checks/enforceInput.html":"F97CB1CCB7E0AA71AC4B57E48A92E2B5","diamond/extensions/extensiontype.html":"A3C2A713AB560C0EBD7FB42A2A7CDE47","diamond/http/client/HttpClient.form.html":"DFAAA038394E8DF114C46829A161A977","diamond/core.html":"8EA03A00FA7287E4E68ECE3817387BBD","diamond/controllers/mapattributes/HttpMandatory.html":"634B437D4B3BC65C0D8142ACFD8ADA3E","diamond/controllers/rest/parser.html":"CC04839FBC055236ADAB610D2BF9FA72","diamond/core/webconfig/webConfig.html":"C58607F06F27445AA96C37FF6FA1F05E","diamond/core/apptype/isWebApi.html":"3A447ADBA56E49D843F9E1E51E1228BC","diamond/database/engine.html":"0ADCFAAF7ACBF7949A5FF43D33BCA31C","diamond/init/api.html":"38709358D650C5BE279842D22C113574","diamond/authentication/permissions.html":"C0A4849D8A0C8E89FE8BDFB463BB6150","diamond/http/sessions/HttpSession.hasValue.html":"7C1E777F9E53AB68A42CB94CE4CBA0F9","diamond/errors/errorhandler/handleUserException.html":"A8253A77FF0FA76BF5AA303D2C44655A","diamond/core/webconfig/WebAddress.ipAddresses.html":"707A06AA4D645748F795438DDDC2ACF4","diamond/controllers/controller/Controller.redirectTo.html":"2A03895428574D7876579CEF7A4E1926","diamond/core/websettings.html":"220B846EAF45A62655C4614003EAEA54","diamond/database/core/attributes/DbId.html":"0A1A84E4349C4E7257DD2D0FE358A7A9","diamond/templates/grammar/Grammar.ignoreDepth.html":"F56D1F50DDBD30E25DF741A65C131F0E","diamond/http/client/HttpClient.route.html":"A87D048212662DC061CCE9C92508ED85","diamond/authentication/auth/setTokenInvalidator.html":"88F6129A1DF56512C799A71CBA9A6FC0","diamond/controllers/controller/Controller._auth.html":"BA8D95353C3411FE8BB3539B6D0FE126","diamond/controllers/rest/routedatatype.html":"CC98793FAEEC4D4C9CB5A6BFADE0733B","diamond/views/view/View.clearCSRFToken.html":"A810C709F948A5C6A61312E64B6B796B","diamond/views/viewparser.html":"C19938504A1D0B327A3224C316C91440","diamond/database/engine/mysql/readSingleRaw.html":"ADE5E1F3E1EEEFE626FB5FCA2F90DE06","diamond/http/client/HttpClient.cookies.html":"0AD237B64DA72AEA080D69963AA5D132","diamond/core/websettings/WebSettings.this.html":"709A90E796FD0138F0569EF58BB8C539","diamond/http/route.html":"A648ED41627D8841A59B1555FD9111EB","diamond/database/engine/model/updateMany.html":"6C56F76CC42EBF4FA05FFB4C09E095C2","diamond/http/sessions.html":"D9CF1D206215C04B932A45B23DD972AF","diamond/authentication/permissions/Permission.this.html":"E0C440FAFC319A695932DD50EBFACC63","diamond/authentication/roles.html":"77E0DC6FEBB8A84FB4336743DDE94D01","diamond/views.html":"C58D4D6815C1022CC30C781D8F4B3456","diamond/init/files.html":"D37DAEB3892E15E92CF6C7717DD641C7","diamond/authentication/permissions/hasAccess.html":"7013281F058FF6164E29C47EA2F6F8B3","diamond/views/viewformats/controllerConstructorFormat.html":"4755966B6CD3CF2EC56E85330563F4AF","diamond/http/sessions/HttpSession.removeValue.html":"1F07C73573B00DDD5019DF7F481AA4F2","diamond/http/sessions/HttpSession.html":"98210CF12A7693C06F195C014DD67C25","diamond/views/viewroute/GenerateGetView.html":"78CDA117AF8555F0BA90CB6C1EF44CF4","diamond/controllers/status.html":"F282EFB96E622E3D3C82ED7B7798A64B","diamond/core/io.html":"2ECD40BA932D29EA5197A628D60082B7","diamond/errors/errorhandler.html":"61427527DA5B55FB30CF46906C04D96E","diamond/http/cookies/HttpCookies.get.html":"73B88EA7304B495ED5ABDC874E37A0BD","diamond/authentication/permissions/Permission.resource.html":"2CEC4B26B5C049802065A6788983B4CC","diamond/core/webconfig/WebConfig.html":"FAB11FA9161B2B71DE043CBC3DB31BB5","diamond/security/tokens/generictoken/GenericToken.generate.html":"3441A6D8D123B0495826665CDF7BC969","diamond/views/view/View.rootPath.html":"15FB6070041F7F760950A8D939AF85CA","diamond/security/tokens/tokengenerator/TokenGenerator.this.html":"7E296A17A4CC00EEFEFA197A3098C868","diamond/controllers/authentication/AuthStatus.this.html":"0DEDFE6D8E87D4E92F382734CEEC17EE","diamond/controllers/basecontroller/BaseController.get.html":"DA106A7F9CE1B2F5282A502DDC1DD1E7","diamond/templates.html":"39D826ED5CB37BB04ABD3D98A5E1EFAB","diamond/controllers/authentication/AuthStatus.message.html":"28C46D7E1ADB6494AD9326494A481CEA","diamond/core/collections/HashSet.opIndex.html":"83F7555BDA6A410B80D366FD017D373B","diamond/http/method/HttpPost.html":"4205187EE2D820BCCB60AE856AC7999D","diamond/database/core/attributes/DbTimestamp.html":"41E2F643D99B9DCBBD98BEEF67560096","diamond/http/client/HttpClient.rawResponse.html":"77E540AF8F2623B94D58277D47EDBC47","diamond/database/core/attributes/DbEnum.html":"AFEA112F76F4E95C8CF4B757485F1FDF","diamond/errors/checks/enforce.html":"77553631C4B8C14FC17B742DB15ED86B","diamond/extensions/extensiontype/ExtensionType.html":"2CC525FF17E72189E8E2874533C999F9","diamond/security/tokens/sessiontoken/SessionToken.html":"AE039B5A0F3F1798B242A3EF780F77C2","diamond/views/view/View.addPlaceHolder.html":"7B45A1D0B17B005B03A091B21E7AAB41","diamond/core/senc/SENC.html":"CF75080DFFED30824CB3B0E73B3365BF","diamond/controllers/controller/Controller.this.html":"8CC92271AD6F09A414804558F81E6E02","diamond/views/viewformats.html":"F2F204FBE81B17E98D3B3D88CE931102","diamond/security.html":"8E3204CD9BEFF16D306B7351674EFD58","diamond/http.html":"307EAEB81E4EEFA3B844E7659C0A247A","diamond/views/view/View.generate.html":"9D8B180414BA83B226C1431488E086E0","diamond/core/webconfig/LoadViewData.generateViewData.html":"F45BCC1BFBB0E44F0A35F1D71652EA00","diamond/http/sessions/HttpSession.getCachedView.html":"9C494B28247F754BB4D3D7022179E7EB","diamond/views/viewgenerator/GenerateViews.generateViews.html":"3FAE3100875CA805302AD8B45B7CDBBD","diamond/templates/part/Part.contentMode.html":"85716DEC14CD55F091420453FF771CEE","diamond/templates/grammar/Grammar.html":"5995CDC2B641FE160E36FEF6BDD8F085","diamond/views/view/View.route.html":"58035CBF6F9628EACAC64789C9763136","diamond/controllers/controller/Controller._restrictedActions.html":"4B39F005B08249D0DD8767C54A9FCC81","diamond/views/view/View.this.html":"675206C2FE48B047FBA34011F304F970","diamond/core/collections/HashSet.html":"348F83AED1EA972998C393659D4D0982","diamond/templates/grammar/Grammar.name.html":"5502034BA131D76702145E82DB4400F6","diamond/core/debugging/stackLogger.html":"6CDB0CD10D7D4EBE04C4C2F2577EA411","diamond/http/sessions/HttpSession.cacheView.html":"A5276B8B8C18A4C17D07EB2659824FA0","diamond/controllers/controller/mandatoryMappingFormat.html":"B1A17CB7F1E7C6F5E27A77849B14C515","diamond/core/webconfig/WebHeaders.general.html":"176C2BA5D63490E66E0FF78B4A8A8ECE","diamond/templates/parser/parseTemplate.html":"E5CA8EA620CA7649E2FC862B370EB0AD","diamond/http/status.html":"F17059F5737D87E4F66C2FBA280A618A","diamond/security/tokens/sessiontoken/SessionToken.generate.html":"3336369DD52657EAF97CA915B10C549E","diamond/views/view/View.prepare.html":"4627B95FE73373306C99776E0D2F36BE","diamond/errors/exceptions/routeexception.html":"4DC994BC304A56F1448DE61282C8FB9C","diamond/core/webconfig.html":"205D373AE487BDE5610DD573BD084475","diamond/http/sessions/createSession.html":"F3638DFAC4289E2480AEA73D88C2BC80","diamond/controllers/controller/Controller.jsonString.html":"8BD7AA0410C3B0980EB4E770F6498D45","diamond/http/client/HttpClient.files.html":"1A650B80B002B52DD189ED2531D58C32","diamond/database/engine/model/DatabaseModel.insertModel.html":"DF6441F6FF762EEAA27CD03A61DF32B5","diamond/core/debugging/StackLogger.log.html":"872864E129986B9A42267C5FF6821A8D","diamond/http/client/HttpClient.queryString.html":"2E89FA45B928BA533232BC7EE2317F39","diamond/views/view/View.escape.html":"EB1C7D1C7A273A69E9E38B3411A9B6D7","diamond/core/webconfig/WebHeaders.html":"07CEC02B74597D38A5A007A3A4BCB9A4","diamond/errors/errorhandler/handleUserError.html":"358609B271E33CA97198F2E60461C1ED","diamond/database/engine/mysql/dbConnectionString.html":"DE78FFEC5E1AAF91507F9155BA60A19E","diamond/views/view/View.html":"7929C6657CE60DF606218161BA53AC52","diamond/http/method/HttpPut.html":"87B3D2136CA9401452C00513531C4F14","diamond/templates/part/Part.content.html":"ACBBE780012B586FDEF311F78D6A4587","diamond/controllers/rest.html":"05BC0EAF4F840EC636794E37E57630FB","diamond/http/client/HttpClient.query.html":"15C7BF061D20FD9F303CD8120A556891","diamond/views/view/View.cached.html":"7906A04249D422D678789758AD279778","diamond/views/view.html":"7302D8E67DC5A62170EB02FAEBF79DDB","diamond/views/view/View.name.html":"FBE4922A8C4715A5F33AA2B3CB1854DB","diamond/controllers/controller.html":"E5CEB1BA72BF31BF13724EF12527DCBD","diamond/core/webconfig/WebConfig.name.html":"EC38BF951DF7D9ACF41697130362D188","diamond/authentication/roles/addRole.html":"6ECC3A66C7C524C561743E0BBFE106C2","diamond/views/view/View.httpMethod.html":"1826AA094A03A034B7952D4F6ECE380B","diamond/views/viewformats/modelMemberFormat.html":"ED047C117B3AA4ABCC3C0D58D4A3A0ED","diamond/views/viewgenerator/GenerateViews.generateViewsResult.html":"72C7C7E0523EBAF6673B511426ED8A2E","diamond/errors/exceptions/enforceexception.html":"9296AE137E94982931013EB4D096B762","diamond/database/engine/mysql/existsRaw.html":"13919F1E29C768044B4924C8CFB91A28","diamond/security/csrf/clearCSRFToken.html":"53D1798A1BE3C560BAFFFBF8BC5130D2","diamond/database/engine/mysql/execute.html":"E9BBF1BADDFCA8EB8411E336B200F4E4","diamond/views/view/View.renderModel.html":"2D52BF81678D39AB39F5CF08AF5A8BC6","diamond/views/view/View.append.html":"81FA630B87EB9B51290D746E062B245C","diamond/database.html":"A878F43ABFF9AD3ECB301EFFA6EA311C","diamond/init/server.html":"1ABAE696F15E7146DC30A669B808DB42","diamond/authentication/roles/Role.parent.html":"9F026CE2D22524C7386B7EC2EBF9148F","diamond/templates/grammar/Grammar.endCharacter.html":"919462B9424AE2EFD66FEEA5F5BAF0FB","diamond/http/client/HttpClient.method.html":"D329D0513DDBE2392D12559D0D166AE8","diamond/extensions/extensionemitter/ExtensionEmit.html":"22AFF1F040C15CDA1A445C264A656DF3","diamond/templates/grammar/Grammar.this.html":"4B7FB7865727648FE052582102829266","diamond/templates/part/Part.currentGrammar.html":"4B12912656960494733CC66FDB80ED45","diamond/database/engine/mysql/scalar.html":"490E8EA41CB40643052BC529ED69CB28","diamond/http/client/HttpClient.logout.html":"022B851DBFAE124085E4D827B0FA4870","diamond/database/engine/mysql/readSingle.html":"D7D10F1E49A5CD70530FD7F2F2CA92D6","diamond/core/debugging/StackLogger.printCallStack.html":"BCA0EB0215E634AF1DA6FDEF64236CBC","diamond/extensions/extensionmanager/getExtensions.html":"690BD42D4F4A6186FAC92D18FAAB0149","diamond/http/client/HttpClient.clientAddress.html":"B5630A65E47044AE9BEDD283BC7F5803","diamond/core/debugging/StackLogger.clear.html":"95A85B9F21C430F83E1C234BF0D507E5","diamond/controllers/basecontroller/BaseController._actions.html":"A797B3923E88C57957CC3B4EAAD545CB","diamond/http/method/HttpDelete.html":"CE65DAE35D72BF346D0702EAABD2B8AD","diamond/http/client/HttpClient.json.html":"BC61FCEEEA6140055FD66DC495BEDFD3","diamond/http/cookies/HttpCookies.has.html":"FD806CFAF0C02D6BC868CA0DA47B9317","diamond/security/tokens/generictoken.html":"53FA2E962E1388321EA09A0FFB6A66FD","diamond/database/engine/model/IDatabaseModel.html":"E8A771D6FC749BFD58CA2A4719461E80","diamond/views/viewgenerator.html":"619CF34A2BB5CEF8498A277FFCD84AD5"}