﻿{"diamond/http/client/HttpClient.addContext.html":"C0C08D01FD665AD42B66CDAF3B4BD87A","diamond/core/apptype/isWeb.html":"4C7A74C912A0D42753BD88970A1618DF","diamond/controllers/basecontroller/BaseController.MethodEntry.html":"43F625571EE64FCFD39B586979F739E0","diamond/controllers/authentication/AuthStatus.html":"1E13FC4A7A4C37F7FA150B4F26CB1B12","diamond/errors/exceptions/viewexception/ViewException.html":"4503A125CDED1A9361EF83CCDF4FA907","diamond/data.html":"CCED2AD29861E6A566B8033434BC01E5","diamond/templates/contentmode/ContentMode.html":"DA751C038CC4C1CC6EC962BCBD844C75","diamond/errors/exceptions/enforceexception/EnforceError.this.html":"F3502E3760CB8CDA5EF91F1AD5E5E843","diamond/data/mapping/model/Model.insertModel.html":"5922FE771A7E18C4F12926D4C44A10F3","diamond/data/snapshot/Snapshot._current.html":"7B3CD83539D12E745A8129AF6DA06D93","diamond/data/mapping/engines/mysql/generators/insertgenerator.html":"93F96CCDA9DFA702A4A2CB9A6ADCC0B8","diamond/security/tokens.html":"5E025E29FB846AA1F4DE4BCADAA8DC97","diamond/http/client/HttpClient.role.html":"7D4D1FC59E67E21AD3099737C3829076","diamond/unittesting/request/HttpUnitTestResult.getHeader.html":"171591EFAFA63DB5D09DCDB0CBA4312A","diamond/core/apptype.html":"6E18312315C729C9DCC9AC72ECD22F4E","diamond/core/senc.html":"D2D1A08F76A0D05A9A707D70BCB89892","diamond/core/webconfig/WebConfig.defaultHeaders.html":"9C0B0DF76433E5FC83FF4A5AAE1FC565","diamond/views/viewformats/escapedFormat.html":"A0735BC6E40683EE4F3E9AD106BF4335","diamond/http/client/HttpClient.contentTypeParameters.html":"4ED2D40DF877EC681B5371EDB98D7FC9","diamond/core/collections.html":"8CC5C5F9E1BE3585B1BFF855F0466597","diamond/http/client/HttpClient.responseStream.html":"DBE453824E5A15D9B47F9444A9CE9F0B","diamond/http/client/HttpClient.login.html":"4E41FCBA20ECB7E411A1A5BA8F05EEE7","diamond/data/mapping/model/updateMany.html":"21DD7E921BD4B32F11C6D704DEDDEE5E","diamond/authentication/roles/setDefaultRole.html":"4A73D26126BF79E487483AF0BD11B711","diamond/controllers/controller/actionMappingFormat.html":"2EA1856BBE1159C939BA8B1D3746E732","diamond/http/client/HttpClient.rawRequest.html":"C6B2FEC8DDD1350A2EC7A4EC2861B7CB","diamond/authentication/roles/Role.hasPermission.html":"D109BCEB338581FD075540EAF4440A91","diamond/http/client/HttpClient.tls.html":"8C17005B5B57F9B496C4D67005519954","diamond/core/webconfig/LoadViewData.html":"4187EFFA7B5FEA1A9E7434501CB063FD","diamond/http/client/HttpClient.session.html":"F3C324A52C3616E1C35B18564B415C43","diamond/core/webconfig/WebAddress.html":"0049A03CD4B1B847F8AFF6771A4EA01A","diamond/http/client/HttpClient.redirected.html":"03EA70FBC3F771CF5822E2B39F77FFB0","diamond/database/getParams.html":"1C8CED74A588E57F51411A7B1B6E2289","diamond/templates/part/Part.name.html":"2011154DB34764A58E825F9D6CAFCBD0","diamond/views/view/View.layoutName.html":"F4B567CBAB985B22D234BBC480432526","diamond/security/network/validateRestrictedIPs.html":"DECE2EC6CBA219B06A5D04DF9ADC1B0C","diamond/data/snapshot/Snapshot._values.html":"130AE3FCCC4C5805EE22F304F350A131","diamond/authentication/permissions/requirePermissionMethod.html":"62140E3E5BABFD38FC7B49B54A9DEB82","diamond/http/cookies/HttpCookies.createBuffered.html":"C36A0E2C22475F31323262ADEAA2F9CE","diamond/views/view/View.retrieveModel.html":"6B287A1461AD23F02E86194F8086FEAD","diamond/extensions/extensionemitter/ExtensionEmit.emitGenerate.html":"C7D06865848B5FB830A37212D2604CAB","diamond/core/collections/HashSet.add.html":"5C9E734B397A90C60E4B78B4E9D1C4E7","diamond/unittesting/request/HttpUnitTestResult.contentType.html":"2895C61E2058A8D80663994799F78CC4","diamond/http/client/HttpClient.error.html":"636264599A35598433C08233C9556256","diamond/views/viewformats/placeHolderFormat.html":"332956C828A318315DE7B03D3994E2C1","diamond/security/csrf/generateCSRFToken.html":"C048CBF4C66533253489C8B941D99CE6","diamond/extensions/extensionemitinfo/ExtensionEmitInfo.moduleName.html":"7F507BAF50AF02FB91BB9592CCC4AC2B","diamond/unittesting/request/HttpUnitTestResult.responseStream.html":"A2C3FAB2D98C1E806B6756E4684B7D4E","diamond/core/collections/HashSet._set.html":"6D998930DD7DA1F18227B97DB7D00703","diamond/init/server/handleWebServer.html":"FE97C616141F0609F77B2129CE544384","diamond/unittesting/request/HttpUnitTestResult.hasCookie.html":"C6D4D2E635ACA6D349284CDAA1CAF847","diamond/core/webconfig/WebHeaders.error.html":"B776A4BEF440276A9372238515B1CF73","diamond/http/method/HttpGet.html":"5FC26590783B3206F118874B61A6B83B","diamond/controllers/rest/routetype.html":"EDB0511BDB506C6CB974FA8FC8A97379","diamond/security/tokens/generictoken/GenericToken.html":"E646758BF1A1A6F261840CBCF39CEC73","diamond/errors/checks/enforceInput.html":"EF1DD1F2EEE3B4F0AD02081022EF8D28","diamond/controllers/basecontroller/BaseController.mapAction.html":"1E94A2F77E2C075FEBEC7F290FC5522A","diamond/http/client.html":"1933CD5DF3513DE49E10D6964F4E4B84","diamond/data/mapping/attributes.html":"B18A3B588D1A9D4D3D76C75020E3C232","diamond/errors/exceptions/viewexception/ViewException.toString.html":"78BA4C6BCAB91F80498D5C56E5FE0352","diamond/controllers/controller/Controller.handle.html":"8EFD5205D18CAC8B0EB6A274D33F9256","diamond/data/mapping/model/IModel.html":"9AD2B587D9924E6743955BA7E469852F","diamond/controllers.html":"545527F09B9B3C778A18AFAB1D6C62F5","diamond/extensions/extensiontype.html":"07EA551791BD6F8A44267C77AF92088C","diamond/init/api.html":"043696175074AB09DC6489513012D84E","diamond/core/webconfig/webConfig.html":"04B033A0981E5A1A693A3EDF494656EE","diamond/data/transaction/Transaction.failure.html":"C4079B930B9F85F53D051F7EACFBC1D4","diamond/core/webconfig/WebAddress.ipAddresses.html":"C0C4980F48463F8040683B1A5C0EAFE2","diamond/controllers/controller/Controller.redirectTo.html":"921CAB8CC90F45310E276590D729A458","diamond/core/websettings.html":"85172B7D3D8827D50C17F11882CB7E3B","diamond/http/client/HttpClient.route.html":"33EFE7B6DBFF8631D04291FAF8DA5154","diamond/data/transaction/Transaction.html":"3694B1BB504C3EC49EAA4A66B27B02D1","diamond/controllers/controller/Controller._auth.html":"864C23C709452DC25434A863ECCFFF64","diamond/core/websettings/WebSettings.this.html":"386F399135E0FA8E6E7514348EDD852C","diamond/http/sessions.html":"9242BC892BA55B6CF7559A61E2F1319B","diamond/authentication/permissions/hasAccess.html":"E752746F206A7BE36D5618E712DFA587","diamond/http/sessions/HttpSession.removeValue.html":"CC67F7AB4C64D40A113BCC0A3C84FC29","diamond/http/sessions/HttpSession.html":"412008233CDBF1322A5620016596E411","diamond/errors/errorhandler.html":"09BB61581C505592599B3BD0E0B297FE","diamond/http/cookies/HttpCookies.get.html":"A22AABA5C9CD66073DCBE0BC29923E91","diamond/security/tokens/generictoken/GenericToken.generate.html":"1C33236BF179A27AA127F4D8A9E4C4AF","diamond/controllers/authentication/AuthStatus.this.html":"6150434EE49ED6755F6C9F897FAD22D6","diamond/controllers/basecontroller/BaseController.get.html":"43D910392F5FB3F2C398D7C9E4713929","diamond/views/view/View.this.html":"6C1FBE99E08D13596341AF42F5F9377F","diamond/http/method/HttpPost.html":"B34323BBEFA78974BC0FBF4F896E0259","diamond/controllers/controller/Controller.this.html":"3857D717E889F6C3465DDADC37FF1579","diamond/data/mapping/engines/mysql/DbParam.html":"6030DC1F7600AEE76109ECBBB697C7F4","diamond/controllers/controller/Controller._restrictedActions.html":"2545A411055768539462BC91D591BB4B","diamond/data/snapshot/Snapshot.this.html":"14F67D133F05114595025D8CB893E213","diamond/core/debugging/stackLogger.html":"AE69CF3CEDA6DF81429CCDB05CDD592C","diamond/templates/parser/parseTemplate.html":"62A3788093237CD89996138D9A4D5EF8","diamond/views/view/View.prepare.html":"824A51AFF9FF3B6BC5F561F1C03896A9","diamond/errors/exceptions/routeexception.html":"26E93AD9663A939AEF3F7A674AC46FF5","diamond/http/client/HttpClient.queryString.html":"536F84EC30F3E9983F4B618D226CCBA0","diamond/views/view/View.name.html":"8014179AD05F8727CB207B0A14A886B4","diamond/core/webconfig/WebHeaders.html":"DB58288A95F4C11765AE40858B386CB9","diamond/http/method/HttpPut.html":"F379BB654FD7B39639CECF6956E3CB18","diamond/templates/part/Part.content.html":"90C4343C44C9B5923931E82393731796","diamond/controllers/controller.html":"8EE0E17C9F69285E5AD6F112826C4DED","diamond/database.html":"71006DF7287AB6E7B45A5202D8F63CEF","diamond/authentication/roles/addRole.html":"EBBC1FE83B4A8E5ABC442CB8897FC676","diamond/data/mapping/engines/mysql/executeRaw.html":"66590E9C4CACB58A5A8A39E042D7D6EB","diamond/unittesting/request/HttpUnitTestResult.json.html":"1128F19E5933EECB5F828EF42F314B29","diamond/http/client/HttpClient.method.html":"53F2230C9787798E8332E027A5C09A1F","diamond/templates/grammar/Grammar.this.html":"B519BFFD4C5337E46C7AE87CA29DEAD0","diamond/security/tokens/sessiontoken.html":"9CD04129549CDBC1F85E60F85FDB1A5C","diamond/http/client/HttpClient.clientAddress.html":"35B6279AE571D51A093031921CA3424E","diamond/controllers/authentication.html":"0CCB3FAD558FBDAA338D38546B32569D","diamond/errors/checks.html":"016D396FBBC8B77F7B9FA3802E72FF1C","diamond/security/csrf/isValidCSRFToken.html":"20C00DBE5EE28D4A175E04A8EC1061B4","diamond/data/mapping/engines/mysql/model/MySqlModel._row.html":"94BC1AC337EFF0EDCEAD27001D9D72A4","diamond/views/viewformats/endFormat.html":"C11F9C8ADE6D41BA35023192D3B581B1","diamond/security/network.html":"9BD0DC90591EF771B9462B28679E9AB3","diamond/controllers/mapattributes/HttpAction.method.html":"7352171DAED6D2A5F95C124ED681566E","diamond/controllers/authentication/IControllerAuth.isAuthenticated.html":"73ECEBBB39974F4E9FCA513B84BECCA3","diamond/errors/exceptions/viewexception/ViewError.html":"AEB061C5ACC7C4342419288869B93A45","diamond/http/client/HttpClient.html":"72C709326FACF5386247687936622340","diamond/http/client/HttpClient.headers.html":"0019A79793D3BD5D47C4A48D32F05111","diamond/core/io/print.html":"A85974E8C130BE46C3CDF302C80EE12F","diamond/controllers/mapattributes.html":"A218FC6FF57D296E8BD7484EBC744F17","diamond/http/sessions/HttpSession.getValue.html":"978A6E0F413028329287BDEE64121A43","diamond/http/sessions/HttpSession.setValue.html":"7EB6452808B786927C9BA7ED31F6450E","diamond/http/client/HttpClient.path.html":"6A9C058D4C666AA3F4717D3E82C58747","diamond/data/mapping/engines/mysql/scalarInsert.html":"420AEDDE1127CCF54A3373D7FA666DDD","diamond/core/webconfig/loadWebConfig.html":"DB1451932791B4C9D5F08A0877247015","diamond/core/debugging.html":"2C2AD9522F574E6D85445317C00472CB","diamond/errors/errorhandler/handleUnhandledError.html":"639CC7679232D1A1FB1B4FA3D33E3E1D","diamond/controllers/controller/disableAuthFormat.html":"F82A251BAE4DFBA4679960B841BD33B8","diamond/controllers/mapattributes/HttpDefault.html":"93F95BF276EFAF032A027A8C3CFA976D","symbols.js":"3003CF6421D981092634E2F1F14E3006","diamond/templates/grammar/Grammar.includeStatementCharacter.html":"4714D27A2CDF5839BDB5975DBE42FE56","diamond/http/client/HttpClient.fullUrl.html":"1AD965DF50E004D94BAAD1F0F02947D3","diamond/authentication/permissions/Permission.writeAccess.html":"079717CB7A1DBAF6F53F76197CE19F41","diamond/data/mapping/engines/mysql/model/MySqlModel.retrieve.html":"747355A548D613CF59D94D54262286A7","diamond/authentication/auth/setTokenValidator.html":"C4FE2F49D0399033F022756E40293FE0","diamond/unittesting/attributes/HttpTest.html":"DB28CC8AED22024B7049773229DACA62","diamond/controllers/basecontroller/BaseController._mandatoryAction.html":"8B0988006350459439CA31C58AA9C2C0","diamond/views/view/View.testing.html":"1E874845302B8BBBBDF3C732BE514059","diamond/controllers/mapattributes/HttpAction.html":"5B55F8A88E763F595B3CE72DEA97347E","diamond/views/view/View.isDefaultRoute.html":"68FB7CE301A80F6AA0BA60760214BA5A","diamond/data/mapping/engines/mysql/model/MySqlModel.row.html":"C8158F780EEF62D475132646BB7F9038","diamond/authentication/roles/Role.html":"D935C5300C2D1F7AF02E7FBE16B94940","diamond/security/tokens/tokengenerator/TokenGenerator.generate.html":"076D1C838C2E092DB1CCD8989255BF93","diamond/authentication/roles/getRole.html":"FFE86A20326670A6FF0A4B7A55D9A6CD","diamond/unittesting/request/HttpUnitTestResult.getCookie.html":"40694EBF3468A19ADDD55EB808EB9015","diamond/unittesting/request/HttpUnitTestResult.hasHeader.html":"79EEBB4946B2D1A03CC4BB42D83739FE","sitemap.xml":"C87F795A5EB94EBEF7F2363B826D74DD","diamond/init/web.html":"5F3F34CC8AEADF1D3844CF93BF826FD2","diamond/controllers/mapattributes/HttpAuthentication.authenticationClass.html":"4427FACED69933E30BAD5F01357A8A07","diamond/unittesting/request/HttpUnitTestResult.rawResponse.html":"E44CC5845253177E5385FA9A6595FC51","diamond/data/mapping/engines/mysql.html":"A9DB669D89C577CD892C87661F4EDBDF","diamond/data/mapping/engines/mysql/model/MySqlModel.this.html":"03797A2B718EE0FFF70EED163E3956F5","diamond/data/mapping/model/Model.deleteModel.html":"8CF2FE02B8EAD50F7E384C684361B2DC","diamond/data/mapping/engines/mysql/execute.html":"7A2D6CCC9F5A7B396ACA8AA5C5DFC4A8","diamond/authentication/permissions/Permission.updateAccess.html":"3C6DF0E6FF2A80D08B3AA6485158063C","diamond/controllers/controller/Controller._disabledAuth.html":"9DA56D4F88FD81A7F1D055886DBBFFCD","diamond/data/mapping/attributes/DbNoMap.html":"E177D645AC34401DECF9DD23B44FF9F3","diamond/data/mapping.html":"0C4984EA4E9F3DB302030D85725FD037","diamond/controllers/basecontroller/BaseController.this.html":"9BFD56EC3CC84A21CE227C1EF9A5464C","diamond/data/mapping/engines/mysql/existsRaw.html":"22282E4726684BF1D5EB14FAC4C2A4DE","diamond/http/cookies.html":"15A56D6A97C20C1E9EA5FFE4B41C046B","diamond/unittesting/request/testRequest.html":"1505145DBCA60D5F3D6E880AAC19D770","diamond/controllers/controller/restrictedFormat.html":"CCF18FEDC3CF98CE6392DC1A443F9F4C","diamond/core/webconfig/WebHeaders.notFound.html":"F9EDEC524124E3458D8EDE977590DF6F","diamond/core/debugging/StackLogger.html":"39914B95E7D837B14B6950861B74837A","diamond/http/cookies/HttpCookies.remove.html":"3486AE21A63475C9B0EE8F1AC22EAD32","diamond/core/webconfig/WebConfig.sessionAliveTime.html":"205AA6BBD98C27C6451318D11DBB283E","diamond/templates/parser.html":"7A108FD8680F303D044C07F832C218B4","diamond/authentication/permissions/Permission.readAccess.html":"C0E570349185DF97577F096208E0AA1F","diamond/errors/exceptions/viewexception/ViewError.toString.html":"38B9EE6280CE390DF922FB46D9766BC6","diamond/authentication/auth/validateAuthentication.html":"AB1E48C77854997894841A1907C50B4E","diamond/http/client/HttpClient.getModelFromJson.html":"571737E818044479B4F2E2BB974F6F68","diamond/data/snapshot/Snapshot.prev.html":"DF86C74FF865B1F64DA7F545FCABCD3D","diamond/unittesting/request/HttpUnitTestResult.bodyData.html":"C8740E6E1C93200FAE203BD98D3E303C","diamond/security/tokens/tokengenerator.html":"0CD0EC2293C1971071E684FC2B6F1CFB","diamond/core/collections/HashSet.this.html":"CD9FC8A53C41868FEBBA92A982B4279A","diamond/extensions/extensionemitinfo/ExtensionEmitInfo.this.html":"4D06A48A3C3824DCCA212B2DA8057185","diamond/authentication/permissions/PermissionType.html":"0BD6BFE0DA6D1D8BB3FE37D3CA350B83","diamond/controllers/action/Action.html":"1543D905322CD16B68873DFE25AC34CD","diamond/extensions/extensionemitinfo/ExtensionEmitInfo.html":"3D887EE89760316F9ED972D79A73F94A","diamond/templates/characterincludemode.html":"7D2988456177E56E0C3F5634755EE02C","diamond/views/viewformats/controllerMemberFormat.html":"AF02AF0F6C6D8E9E5A5C0F7210921687","diamond/http/cookies/HttpCookies.html":"477E45C8C812A44F968256B5D688BF43","diamond/data/mapping/model/Model.readModel.html":"4141DBB73317F75FECD2FD1B235CD6EA","diamond/data/mapping/engines/mysql/dbConnectionString.html":"0E21ABB1E86B158BB4E518D79D4579C8","diamond/controllers/authentication/AuthStatus.authenticated.html":"1643DEEC84103988123BC0B1C5D91729","diamond/data/mapping/engines/mysql/readSingleRaw.html":"428F7B9E0067F4AD38B6F1B943C212AD","diamond/unittesting/attributes/HttpTest.name.html":"01F62A678F6CF65D8A95F34B01AE845A","diamond/views/view/ViewTypeName.html":"F25B4300E82B161FA62CE34B81B8E74D","diamond/core/webconfig/WebConfig.shouldCacheViews.html":"2AA5B23395DD628D9A8CE453427C6690","diamond/views/viewgenerator/GenerateViews.html":"82C7308253B0B4C375430C4CDAC8AF86","diamond/data/mapping/model/Model.this.html":"BAEE38E393CD60D43360C4977F143F49","diamond/controllers/basecontroller/BaseController._defaultAction.html":"CB963B2F924DDC986CF52AA88D71401A","diamond/data/transaction/Transaction.call.html":"89715E53DD9BBE2023DF222227C3EFBD","diamond/views/viewformats/viewClassFormat.html":"2FA58ACCDAC0D8FCE5866B543CE177D2","diamond/extensions/extensionemitinfo/ExtensionEmitInfo.name.html":"AEC8073F53D50F7BDB7C61B9B3DBF16C","diamond/errors/exceptions/viewexception.html":"06641204F07AAA183A024FEA7882EE31","diamond/controllers/controller/Controller.view.html":"3B2E4AEC185E23808D2A183DE8AC219B","diamond/controllers/authentication/IControllerAuth.html":"9B2E489F2ED43D0F1ECDA379EEB0516C","diamond/authentication/auth.html":"3DBAC438A37ED902D99980EC4734C088","diamond/data/transaction/Transaction._success.html":"BB732D58EFFF4E148F174D1B3F6F0B61","diamond/controllers/mapattributes/HttpRestricted.html":"829AA7FBD2E8C049D9FDE02F17E95CDB","diamond/controllers/status/Status.html":"D8A6CAF10717429FF20A53CC76365E5C","diamond/views/viewformats/layoutConstructorFormat.html":"DBEE0BD1F2979A3733A6D2DDE52381DB","diamond/controllers/controller/Controller.getByIndex.html":"42250161546D12A15A3F53B74927A838","diamond/unittesting/request/HttpUnitTestResult.getModelFromJson.html":"14EB2997E7A135F8739401FAFF563E42","diamond/http/client/HttpClient.form.html":"C562523B500F7E45AF0F43895D54C2A9","diamond/controllers/rest/parser.html":"639313017F48358B5569F2CE06811CB0","diamond/core/apptype/isWebApi.html":"B37EBD19A15B48441AA238E037F9BB18","diamond/errors/errorhandler/handleUserException.html":"723508602CAEC0AB97546B126213C810","diamond/views/viewparser.html":"4D363CEF2675296DC0C6F3E50FC05B75","diamond/controllers/rest/routedatatype.html":"44F6657736DA81E589E79B8BD2990C53","diamond/views/view/View.clearCSRFToken.html":"334CB1A63A853607F93114EFCFE94B9C","diamond/http/client/HttpClient.cookies.html":"475933EF20A9DB75DB2971FD4E5FE11A","diamond/views/view/View.generate.html":"CD538575CFF9A4C727D5541ABB0E71FC","diamond/authentication/permissions/Permission.this.html":"7B7D45E40023DB776A33A22814D7DC7E","diamond/init/files.html":"A91195305D34FC3B7CBF728E2AF7C78A","diamond/views/viewformats/controllerConstructorFormat.html":"C91418AD6B4354FF0F5F95A1270D2C07","diamond/templates.html":"9AC83DAD3868168E17A2D1D602B4FCD1","diamond/authentication/permissions/Permission.resource.html":"D337E68D861B6EC23D4BCC435B65BEB7","diamond/views/view/View.rootPath.html":"88E488D3DE288D6144FB62E7EB982892","diamond/controllers/authentication/AuthStatus.message.html":"B35617D4146B6BAE21FFD46F5CDC8D37","diamond/core/collections/HashSet.opIndex.html":"59C9B009FB2B0FACD0F93298876181F4","diamond/errors/checks/enforce.html":"93167FA99556BD918571659457C9E8D8","diamond/extensions/extensiontype/ExtensionType.html":"F6A3C6CC83CA35EC98D3BAAA7157C3EA","diamond/core/senc/SENC.html":"B8C45B33EB89AD032220A4636D70B410","diamond/http.html":"9F77E45A391F31E1BFB61009C03D89C3","diamond/templates/part/Part.contentMode.html":"0B253BCD9E8042B1120E600328E50614","diamond/core/collections/HashSet.html":"F8C339C97F62AC41858FAC442185553B","diamond/http/sessions/HttpSession.cacheView.html":"EDAB228F8A0F0CC29D8D605E19FEA328","diamond/controllers/controller/mandatoryMappingFormat.html":"C97AF99C91F92A6B15D256CDEAD6E32D","diamond/core/webconfig/WebHeaders.general.html":"D7188E36D051CC7B29618093FA927024","diamond/data/mapping/engines/mysql/generators/deletegenerator.html":"973000871347E8A01415E50889BF9F75","diamond/http/sessions/createSession.html":"B33B4800B35DCD640F84329D48102B75","diamond/data/mapping/model/insertMany.html":"A5653673D1A97716D96D009F092E992B","diamond/views/view/View.escape.html":"AB730BB2BEC9ED80238B3023DAB9FD48","diamond/core/debugging/StackLogger.log.html":"1C1BAF37C0351B4A5F45AABB92484A44","diamond/errors/errorhandler/handleUserError.html":"1C6A96AC0E513C08803935DB9D515246","diamond/controllers/rest.html":"137E2EB43932195A410678DCF67EEA04","diamond/views/view/View.cached.html":"6A330CB7F3F84A9E67E958EB64012272","diamond/views/view.html":"DCEA72F1E6A30390754F3E30050F14A2","diamond/core/webconfig/WebConfig.name.html":"71DE1E11ABCFB643F3E62545FCABDB22","diamond/views/view/View.append.html":"2C958B89D1C95B9BA5D4BA881994A728","diamond/http/client/HttpClient.logout.html":"1D51865918062521F1B789C68AF2B8F2","diamond/http/cookies/HttpCookies.has.html":"B05F2118C2B758A7D50ADE37192F5FDB","diamond/core/debugging/StackLogger.printCallStack.html":"3D9D80A12ED4BA76E800C6966095C9B2","diamond/core/debugging/StackLogger.clear.html":"2A03193DC25DB16522F08700B1BAF846","diamond/http/method/HttpDelete.html":"D20954AB0F81EAF4FB511EE068C96BA9","diamond/http/client/HttpClient.contentType.html":"79198829E87F9BEF478873A903FC8B22","diamond/controllers/action/Action.this.html":"4BF19CC9CCD138FE0F509A7E46FB32A8","diamond/views/view/View.client.html":"2CD74A637CC89562A0C107CAC11C226D","diamond/controllers/basecontroller/BaseController.mapDefault.html":"91B35730F77C534E703DA4D6295965A7","diamond/data/mapping/engines/mysql/model/MySqlModel.table.html":"A2C50327ECFD76DD2419B7265357E921","diamond/views/viewformats/appendFormat.html":"24040DF2020D6A5402C72BF722F87F35","diamond/controllers/controller/Controller.json.html":"9FBC61552CD5CB8B3F377C55623FA184","diamond/http/client/HttpClient.connected.html":"36C9FFF63D06A335E241F65DDDFD3242","diamond/http/client/HttpClient.notFound.html":"DFBB1DF8B79AB16811BB67DC2F02C762","diamond/errors.html":"FEC81640A58AA02D4C57557F6CEF3F5D","diamond/views/viewformats/modelGenerateFormat.html":"BFA9FE6821CE6125C1DF69D9FC82154A","diamond/views/view/View.asView.html":"73F5183B5080B01302D0D84FAE5DA07D","diamond/security/network/validateGlobalRestrictedIPs.html":"F2F5274589A75C089D9200E089CFE522","diamond/data/mapping/engines/mysql/exists.html":"16F80F9076B014B34545AC1185EF3943","diamond/data/mapping/engines/mysql/generators/readgenerator.html":"E6805B57D476E1511283D67BF6AFFCA3","diamond/controllers/basecontroller.html":"030CDAE6202CDB17B6BF098AD1EA4CF4","diamond/authentication/roles/Role.addPermission.html":"34C76FAA84831F8DEFC34EAFD91DC8AA","diamond/templates/contentmode.html":"3EA575AF9CDA0B1C4EC671D887178D37","diamond/data/snapshot.html":"789CBEACDD828987041AC389C257AF92","diamond/http/sessions/HttpSession.updateEndTime.html":"70F357665D9A9B3BD0EB5560D5500906","diamond/controllers/authentication/IControllerAuth.authenticationFailed.html":"6A2136CAC4118A32E0D91A7075907BDB","diamond/controllers/mapattributes/HttpAuthentication.html":"FCD3481096694C9908A143FB7EC55341","diamond/http/cookies/HttpCookies.hasAuthCookie.html":"DA57E41FF6C7D34DDBE49A413F230B67","diamond/views/viewroute.html":"32B6EA3AF0C2B9BECF34BF6E539392DB","diamond/data/mapping/engines/mysql/scalarInsertRaw.html":"DC2E95BA9B917E90F4A7C1549A80B257","diamond/data/mapping/engines/mysql/generators/updategenerator.html":"D5F20D5CCCBE01A48A907E158B27961F","diamond/data/snapshot/Snapshot.value.html":"58F48428C4AEA236D7FEA49BED0CE0D5","diamond/views/viewparser/parseViewParts.html":"728E3A6A7D9DF076CBE4EB5ED12FF9AB","diamond/unittesting/request/HttpUnitTestResult.html":"16BB34BD20D873AB03DC17CC1761DB67","diamond/authentication/auth/getAuthCookie.html":"14A489E09B33119474D89BA4266A6507","diamond/http/client/HttpClient.httpParams.html":"2D5E090F362CFABF1AE84C89CEDAB6B5","diamond/data/snapshot/Snapshot.opIndex.html":"4188D56503F8C68B1DDB20F5DA9B0FD2","diamond/templates/grammar/Grammar.characterIncludeMode.html":"FBBCD43705DF005C0FCA57A8118B5BB5","diamond/core/websettings/webSettings.html":"E8128190698B22AB5FF8A191912E689D","diamond/data/transaction/Transaction.success.html":"671F98CDE104276BACD5BF879615C91E","diamond/data/mapping/engines/mysql/model/IMySqlModel.html":"F63DAD6E16D014C7A216C77787C37017","diamond/core/io/handleCTFEFile.html":"74352F2D2546DB41AA0B9092113D803D","diamond/authentication/auth/setTokenSetter.html":"4263140C2CE54EE43ACBA1841F8FA655","diamond/errors/exceptions.html":"BA9D4311F410C8093114095F0F9AC1F3","diamond/data/transaction/Transaction.commit.html":"67F92BD40C55B433FCEAC76EA9BF19E1","diamond/core/webconfig/WebConfig.addresses.html":"CAFF26D4D17580867C1D7FAA01DDB065","diamond/http/client/HttpClient.hasContext.html":"EF53340A465D6342450575AD46B393B8","diamond/views/view/View.retrieve.html":"722F383B45BC74095F09774E2AD161B0","diamond/core/webconfig/WebConfig.accessLogToConsole.html":"651FE8FA4E4EE8C07FBFF929EFE7EAB7","diamond/data/mapping/engines.html":"BFF84607405E8F061F348EE6AF24BA18","diamond/data/mapping/engines/mysql/readSingle.html":"253D34EFD476BAEC1DC11A9522EC171B","diamond/controllers/controller/actionNameFormat.html":"9195BD06F2B1D331C570A9D156BAAD17","diamond/authentication/permissions/Permission.html":"AE6B30F3BC1072555C6890F1386BA6FD","diamond/core/webconfig/WebConfig.allowFileRoute.html":"974CA15C202987CF13E8F7B2AF438081","diamond/http/sessions/HttpSession.clearValues.html":"E0512B274AD48E00C95EB72809BEAFA6","diamond/authentication/permissions/unrequirePermissionMethod.html":"9CCA9F473D6FE283D641AB13864835CF","diamond/http/cookies/HttpCookies.getBuffered.html":"A3C193D30158DA0B97E861DF30FD6520","diamond/core/webconfig/WebConfig.homeRoute.html":"A880CAF2ED5F4530FB6AAD1969884687","diamond/http/method.html":"DEB3BB276A6743E1A1B00F3AFEBB2EFE","diamond/controllers/action.html":"B3C4F514830006064DBA7BE6A4E84154","diamond/authentication/auth/logout.html":"1BECD95714B1C51928155D78524C5A9D","diamond/data/transaction/Transaction._commit.html":"A76D143DC447D40C0D85DA89BEC17E9C","diamond/security/tokens/generictoken/genericToken.html":"26090260D9B21FA72310FAD80BC967F3","diamond/controllers/basecontroller/BaseController.testing.html":"A67819E0E198DB5806C3F593D7C623C2","diamond/data/mapping/model/Model.html":"14F4B5C8516D5054C4E2153234D76429","diamond/core/apptype/isWebServer.html":"809767E712F22572E1FDAD80CD5DFB6F","diamond/data/mapping/engines/mysql/model/MySqlModel.html":"49D817FAD70EBC1C40C71554D55FA489","diamond/controllers/mapattributes/HttpAction.action.html":"80ACA8E4C53789E03D551545121A9BA8","diamond/security/tokens/tokengenerator/TokenGenerator.html":"07E60ED675CEBBE6E7AFBC3E0A51323B","diamond/templates/grammar/Grammar.contentMode.html":"1E7B71AE805285F9077DF732790C2F91","diamond/controllers/action/Action.opCall.html":"F72C535524D9B3528E21CD8939BFEB5C","diamond/data/mapping/attributes/DbId.html":"85212109AB25736A95C8BD073E3AE831","diamond/authentication/roles/Role.name.html":"9AB45E72EDCCBA1E71EA4F9FB2921767","diamond/views/view/View.appendCSRFTokenField.html":"95F131E4BFB586717528D4B7EF7B3582","diamond/templates/part.html":"AF637667DE446B24AC79E9296634A5BA","diamond/errors/errorhandler/handleUnhandledException.html":"1633D8FA7455EDFB542CA6D48F0A14EB","diamond/controllers/mapattributes/HttpMandatory.html":"12099D23B75D79F2FED3EA4FEC60B2C7","diamond/authentication/permissions.html":"5ECB0217C7472472F294921BB06F6D27","diamond/data/mapping/engines/mysql/readManyRaw.html":"D009CD78640166F69EBD19569E50E912","diamond/templates/grammar/Grammar.ignoreDepth.html":"D67E51CF7D66699F1128CA3ABDF6246E","diamond/authentication/auth/setTokenInvalidator.html":"03D5FDFB96428EE297D1AAED5A6CE805","diamond/views.html":"26AE60FD1A27144698BEF88B3EA17541","diamond/security.html":"2FE2F3F689C34DAA849706748AF8FB2D","diamond/http/route.html":"FE251934E155257616F914BC78F9DCBC","diamond/authentication/roles.html":"CDE272092C2B917093A1463AAB00DE8B","diamond/data/mapping/engines/mysql/model.html":"46D30BC4EE5CB41771527AE9A493F696","diamond/views/viewroute/GenerateGetView.html":"7B0BF2A3762DD1A9B28A0199175402AE","diamond/data/transaction.html":"9D7C182F1D48B225058E7FD0F93CF456","diamond/controllers/status.html":"64CCB87AFCE5111FFA2DD702A953F679","diamond/core/io.html":"807A70DEEB053C3D977934F89EF386BF","diamond/core/webconfig/WebConfig.html":"E2B3FAD8B82E6E8403802EE2B016C793","diamond/core/apptype/isTesting.html":"D42E70D206F48FA4FABA8726D3C67BBF","diamond/security/tokens/sessiontoken/SessionToken.html":"473497B71760C8EE0D4605331D126487","diamond/data/snapshot/Snapshot.html":"A43DB4D2234219E81B843772F1DF2DE8","diamond/unittesting.html":"6E824ED21BBB810AD2DC6819356EB1F1","diamond/views/viewgenerator/GenerateViews.generateViews.html":"E566A59A667B61AC62EADC376FEC2E16","diamond/http/sessions/HttpSession.getCachedView.html":"C44709238ED2BCAA644F1FA26866A6DD","diamond/views/viewformats/modelMemberFormat.html":"5D59FA16EC060239D539FB2C4827F9AD","diamond/templates/grammar/Grammar.name.html":"2BFB944BC42F32372EB3DC7EAE7713DF","diamond/http/status.html":"4D03413844B440A13126455145668653","diamond/core/webconfig.html":"2E66ADA1BE254C927D67BC04E54C4213","diamond/http/client/HttpClient.query.html":"26E798B72C7981BC0EB1E4FD697C5238","diamond/init/server.html":"ACD7908CC1552378D3E073FF4332444B","diamond/templates/grammar/Grammar.endCharacter.html":"37678E498F104870BE2D2B0897506942","diamond/extensions/extensionmanager/getExtensions.html":"5C9009C1F86A5107B4AE340855B7A35F","diamond/http/client/HttpClient.json.html":"2A15D5F5E8E251E6837D4EE03B5E70E4","diamond/security/tokens/generictoken.html":"2BB58A23D43B43E79316B97007E53428","diamond/authentication.html":"8FCD4FE210E29175D4FFEE98FED02A60","diamond/core/debugging/debugging.html":"3E7BEE8425318BD53AAAD2EBE8F9B8FB","diamond/data/transaction/Transaction._failure.html":"08FCAC326F82761864BE082D95EFDF38","diamond/http/cookies/HttpCookies.create.html":"4D030C64CAAF0BD24BB45287EC90A86D","diamond/views/viewformats/controllerHandleFormat.html":"88E0D8CBD419EDE971E945B55F2FD1BD","diamond/core/debugging/StackLogger.callStack.html":"C36E32BCCB7F3942A71B88DB0C77E7C6","diamond/database/DbParam.html":"C02AC5A55E9F33AD7112F7B91D985EED","diamond/security/csrf.html":"B8AEEFA69A94AFD83AAA8F8C8CA42FEB","diamond/errors/exceptions/enforceexception/EnforceException.html":"6A9976E871A78D31BB067363230B6758","diamond/http/client/HttpClient.host.html":"FC90F618A16E1D894373A80EBF1700A3","diamond/authentication/auth/hasAuthCookie.html":"6B3BC1814CF5FDFEAF46BDAE90611A85","diamond/controllers/mapattributes/HttpDisableAuth.html":"EED3D169299927368964C53FB640F098","diamond/views/view/View.viewRaw.html":"821C835EF44C77E550406CE896FC73BE","diamond/http/cookies/HttpCookies.getAuthCookie.html":"5CF50EBCF41E41CE589ED6D249C12422","diamond/data/mapping/engines/mysql/readMany.html":"6FFAAD4F333EC20E54A6A757FC50DC67","diamond/controllers/controller/Controller._view.html":"B5A67347611DC3A7D9EA8F20133C1694","diamond/templates/grammar/Grammar.mandatoryStartCharacter.html":"C73109BA3009CFC5C978BA5114860A8E","diamond/security/tokens/sessiontoken/sessionToken.html":"8AD7290740B620DF42033AB0C97BAE96","diamond/http/client/HttpClient.ipAddress.html":"2C981D2963928906E11E76AC97D3E19C","diamond/data/mapping/attributes/DbNull.html":"A7E2097A72896A579D25CED49C9216FC","diamond/views/view/View.render.html":"A126ED7DF7D5D8FB20FCB89B5B3E0B2F","diamond/core/webconfig/WebConfig.restrictedIPs.html":"C7A72936CF827247F12472736162950B","diamond/data/transaction/Transaction.opCall.html":"C5D89AE66AD145A879700F8FEBC1739A","diamond/authentication/roles/hasRoles.html":"928D2C5C062AC67F8EF15667B2C4237D","diamond/extensions.html":"70D9B27B9D36F77C05F6B310ED21DF14","diamond/controllers/authentication/AuthStatus.client.html":"FC84DE6DCAA52EE9D60CD0C3AB984FB2","diamond/data/mapping/engines/mysql/generators.html":"B8540BF201590F41E8773348C0F0392C","diamond/core/webconfig/WebHeaders.staticFiles.html":"A28E5B85F7425F5EA26E05BDE068EE45","diamond/views/view/View.view.html":"459289937A2E61188A8A0331F0000E5A","diamond/data/mapping/model/deleteMany.html":"0C8DFFBFD228021270B1516F5D14B983","diamond/unittesting/initialization.html":"DFCFFE91544E976E0E817B73A06890AD","diamond/extensions/extensionemitinfo.html":"2F3BCB7AE3BA82785A81207758546331","index.html":"A434718DD167A852EDF32F743A8D5D0D","diamond/errors/exceptions/viewexception/ViewException.this.html":"B47003D5DABAD0AF4819A618B81C4487","diamond/extensions/extensionemitter.html":"32C42F74255627DCCA0A184CDEB28F75","diamond/http/client/HttpClient.getContext.html":"F0FF7874A184FB4BD898A1A21DA1E391","diamond/templates/grammar/Grammar.startCharacter.html":"C94222708BA94899BFDB4B8A64205E69","diamond/extensions/extensionemitinfo/ExtensionEmitInfo.type.html":"84A01FA376437FDECEE231220BFA766D","diamond/http/client/HttpClient.redirect.html":"10A1F21B798974601D3443819037A344","diamond/unittesting/attributes.html":"56EE3A6E602DE84F0BDFFC5142DA910C","diamond/unittesting/request/HttpUnitTestResult.statusCode.html":"8AAD3706EB5B18EEF5272D16EE99B7A1","diamond/templates/part/Part.html":"FF934EC49CB58DE19D09E8607DDA9014","diamond/controllers/controller/defaultMappingFormat.html":"424F6E97D8F04685B130EEE2DDB7DF5B","diamond/extensions/extensionmanager.html":"5459B8D92B28D9ABC300157E93212DF3","diamond/templates/grammar.html":"F07C5C8FA5A0FAD6ED10B992428C73E2","diamond/core/websettings/WebSettings.html":"5A27C5BF7102189C937F1FB4EA6B9645","diamond/errors/exceptions/enforceexception/EnforceError.html":"402689450FE61175C6AEFF6CBE22DEB5","diamond/core/websettings/WebSettings.onApplicationStart.html":"D58267B6ADF29828231E5FA29EB53074","diamond/core/io/handleCTFEFile.handle.html":"B30B77C7349CD87B543AD678C8B35E55","diamond/controllers/controller/Controller.html":"89F85951D07E2D3B59F788B05FB2FFF8","diamond/templates/characterincludemode/CharacterIncludeMode.html":"5FBBB48B8FBE5F980A6C80E760E4E289","diamond/authentication/auth/login.html":"69B84B33F2DA05C5C1BB0C87882D625C","diamond/data/transaction/Transaction.this.html":"2DFC0B7DD1F9568CD4B00B33958DC835","diamond/controllers/rest/routepart.html":"361857EA0B1A66C6A49D9ECE57F0F380","diamond/core/webconfig/WebAddress.port.html":"9C175C80AA3A7F0BD25A3AD7D8F935E2","diamond/core/webconfig/WebConfig.globalRestrictedIPs.html":"169179972E963C3D7EBC4A8665B18D25","diamond/authentication/permissions/Permission.deleteAccess.html":"C5FF4C5C93F7BF1EFF8E29C15C3D081F","diamond/data/mapping/attributes/DbEnum.html":"411D95EF55D9739938D9E3C1A0EC5B41","diamond/controllers/basecontroller/BaseController.mapMandatory.html":"E21CD153AEE34BD4722DCD4742F5413B","diamond/core/collections/HashSet.has.html":"ECE0330680E71F36B765B93F6507EA6C","diamond/controllers/basecontroller/BaseController.html":"E9A809F5B30CA3DE8E830AA243F9799A","diamond/core/webconfig/WebConfig.staticFileRoutes.html":"16AD5E60ADF9C93AB05970FE00E5563C","diamond/authentication/permissions/defaultPermission.html":"A81574577E44E9E120A8FEB52B588C62","diamond/http/client/HttpClient.clientCertificate.html":"A8531FBA300FF02497B560184E67A82D","diamond/errors/exceptions/viewexception/ViewError.this.html":"2B67320F98CE289DBFDF5FD6A8EFCCF4","diamond/http/sessions/HttpSession.hasValue.html":"238541F1CA15907BD269CC14ED867F14","diamond/controllers/basecontroller/BaseController.ActionEntry.html":"E6A269F0BDA9F2CD7FAB130A4E31B6B9","diamond/http/client/HttpClient.requestStream.html":"E8AC6FFE7FCB934A1BC887A22F23DA83","diamond/data/mapping/model/Model.updateModel.html":"BD4708500CD6DC909EDBF7495630CD5C","diamond/data/mapping/attributes/DbTimestamp.html":"41B0EA13A080D51B4F55C19E4F9135E7","diamond/core.html":"6D6EC7F0CBAA97EDA8FFFA1C126112A1","diamond/data/mapping/model.html":"B9C0E921880F70B2DC8EBACF11441E6D","diamond/security/tokens/tokengenerator/TokenGenerator.this.html":"4687961575A055145534947F543DBC99","diamond/data/mapping/engines/mysql/scalarRaw.html":"B41FC29392B201D051536CE715A0A045","diamond/http/client/HttpClient.rawResponse.html":"184292EFA08E0FE60047A23152900CE7","diamond/views/view/View.addPlaceHolder.html":"649FDD10838F1A1E15F70ED65A370A2C","diamond/views/viewformats.html":"18723D2E0923699EFA8D16527735C0FC","diamond/core/webconfig/LoadViewData.generateViewData.html":"D786DD5EFC111E71D43E8B278C88F74A","diamond/templates/grammar/Grammar.html":"614C234A984085DC7B7B841FFB53D67A","diamond/views/view/View.route.html":"D0F6AE670E5BDD7CF7EB8D4E93F31B60","diamond/security/tokens/sessiontoken/SessionToken.generate.html":"801F0E11A442D3481987E6F44E2BC435","diamond/controllers/controller/Controller.jsonString.html":"81CF1371ECA64EAAAC5AF6BF671CD661","diamond/http/client/HttpClient.files.html":"A41D861B75C69F610AFBEE7628B7A0C0","diamond/data/mapping/engines/mysql/model/MySqlModel._index.html":"D9315416837B9F5CBA5DD9A742983316","diamond/unittesting/request.html":"2BF3525AE4014357081D4307284BEF0D","diamond/views/view/View.html":"411727C76AFCCC7628274C355E780CBF","diamond/views/view/View.httpMethod.html":"1CB63E0EC3F5604EFAA34897DD1533E3","diamond/views/viewgenerator/GenerateViews.generateViewsResult.html":"FFB0D2029E37E44A4E38ADF2DF2DAC36","diamond/data/snapshot/Snapshot.reset.html":"4CE14F79163CFBC111AAA9F047BB0957","diamond/errors/exceptions/enforceexception.html":"D931860924A698496E46650BA404DCC5","diamond/security/csrf/clearCSRFToken.html":"9D1C40B350BF65B29F0B9D2ED7940B38","diamond/data/mapping/engines/mysql/scalar.html":"16DF6E340701DD4A2FCCE6383748CCE2","diamond/views/view/View.renderModel.html":"1EFB0880C0AD6954896656EC34AAECEF","diamond/authentication/roles/Role.parent.html":"00C9A045BBFCD3702AFD27C75EA44F09","diamond/extensions/extensionemitter/ExtensionEmit.html":"8D9E2DF4B1C4E3FE6DFC9916E4974446","diamond/templates/part/Part.currentGrammar.html":"84D6689DC35E1E6E83775F92BD5F7024","diamond/controllers/basecontroller/BaseController._actions.html":"C88F6563B1B1BB484AC72BD8F782C50F","diamond/views/viewgenerator.html":"797F2919932EFFBD3821AE6BEB4F55F0"}